Away_Abbr,Home_Abbr,Odds_Away,Odds_Home,Date
OKC,ATL,1.2,2.95,1970-01-01
ORL,ATL,1.46,2.05,1970-01-01
TOR,ATL,1.85,1.6,1970-01-01
LAL,ATL,1.32,2.4,1970-01-01
DET,ATL,1.63,1.8,1970-01-01
CHO,ATL,2.7,1.25,1970-01-01
CLE,ATL,1.3,2.5,1970-01-01
LAC,ATL,1.88,1.56,1970-01-01
PHI,BOS,2.25,1.38,1970-01-01
CLE,BOS,1.58,1.86,1970-01-01
HOU,BOS,1.38,2.25,1970-01-01
UTA,BOS,3.4,1.13,1970-01-01
WAS,BOS,,,1970-01-01
MEM,BOS,2.8,1.23,1970-01-01
LAC,BOS,2.55,1.28,1970-01-01
BRK,BOS,,,1970-01-01
ORL,BOS,2.0,1.48,1970-01-01
DET,BOS,1.5,1.96,1970-01-01
CLE,BRK,1.08,4.0,1970-01-01
ATL,BRK,1.22,2.85,1970-01-01
MIN,BRK,1.16,3.2,1970-01-01
DET,BRK,1.15,3.3,1970-01-01
TOR,BRK,1.15,3.3,1970-01-01
BOS,BRK,1.13,3.4,1970-01-01
NYK,BRK,1.07,4.1,1970-01-01
PHI,BRK,1.28,2.55,1970-01-01
UTA,BRK,1.38,2.25,1970-01-01
DET,CHI,1.5,1.96,1970-01-01
ATL,CHI,1.53,1.93,1970-01-01
SAC,CHI,2.2,1.4,1970-01-01
NYK,CHI,1.4,2.2,1970-01-01
PHI,CHI,1.78,1.65,1970-01-01
SAS,CHI,1.42,2.15,1970-01-01
MIA,CHI,1.85,1.6,1970-01-01
WAS,CHI,3.4,1.13,1970-01-01
BRK,CHI,2.85,1.22,1970-01-01
BRK,CHO,2.25,1.38,1970-01-01
ORL,CHO,1.46,2.05,1970-01-01
MIN,CHO,1.42,2.15,1970-01-01
UTA,CHO,1.62,1.82,1970-01-01
LAL,CHO,1.2,2.95,1970-01-01
MIL,CHO,1.5,1.96,1970-01-01
OKC,CHO,,,1970-01-01
LAC,CHO,1.65,1.78,1970-01-01
NYK,CHO,1.22,2.85,1970-01-01
CHI,CHO,1.5,1.96,1970-01-01
TOR,CHO,1.22,2.85,1970-01-01
ATL,CLE,2.55,1.28,1970-01-01
PHI,CLE,3.2,1.16,1970-01-01
CHI,CLE,2.85,1.22,1970-01-01
TOR,CLE,2.7,1.25,1970-01-01
MEM,CLE,3.4,1.13,1970-01-01
MIL,CLE,2.55,1.28,1970-01-01
HOU,CLE,1.58,1.86,1970-01-01
IND,CLE,,,1970-01-01
LAC,CLE,2.8,1.23,1970-01-01
BOS,CLE,2.6,1.26,1970-01-01
POR,CLE,3.4,1.13,1970-01-01
SAS,DAL,2.0,1.48,1970-01-01
WAS,DAL,3.65,1.1,1970-01-01
TOR,DAL,1.68,1.75,1970-01-01
OKC,DAL,1.18,3.1,1970-01-01
IND,DAL,2.5,1.3,1970-01-01
MIL,DAL,1.43,2.1,1970-01-01
PHO,DAL,1.55,1.9,1970-01-01
LAC,DAL,1.48,2.0,1970-01-01
POR,DAL,1.48,2.0,1970-01-01
NYK,DAL,1.2,2.95,1970-01-01
NOP,DAL,2.0,1.48,1970-01-01
MEM,DAL,1.72,1.72,1970-01-01
MIA,DAL,1.4,2.2,1970-01-01
PHO,DEN,,,1970-01-01
NOP,DEN,3.65,1.1,1970-01-01
MIA,DEN,3.2,1.16,1970-01-01
GSW,DEN,3.3,1.15,1970-01-01
IND,DEN,3.3,1.15,1970-01-01
CHI,DEN,4.3,1.05,1970-01-01
SAC,DEN,3.8,1.09,1970-01-01
SAS,DEN,2.7,1.25,1970-01-01
BOS,DET,1.9,1.55,1970-01-01
CLE,DET,1.55,1.9,1970-01-01
DAL,DET,2.7,1.25,1970-01-01
UTA,DET,3.3,1.15,1970-01-01
WAS,DET,,,1970-01-01
CHI,DET,1.5,1.96,1970-01-01
PHI,DET,1.76,1.66,1970-01-01
IND,DET,3.5,1.12,1970-01-01
ORL,DET,2.25,1.38,1970-01-01
DEN,GSW,1.76,1.66,1970-01-01
MEM,GSW,2.85,1.22,1970-01-01
LAC,GSW,1.68,1.75,1970-01-01
PHO,GSW,3.5,1.12,1970-01-01
IND,GSW,,,1970-01-01
POR,GSW,3.2,1.16,1970-01-01
UTA,GSW,4.2,1.06,1970-01-01
HOU,GSW,1.93,1.53,1970-01-01
NOP,GSW,3.1,1.18,1970-01-01
DET,HOU,2.55,1.28,1970-01-01
BRK,HOU,,,1970-01-01
DAL,HOU,,,1970-01-01
WAS,HOU,,,1970-01-01
POR,HOU,2.8,1.23,1970-01-01
ORL,HOU,2.95,1.2,1970-01-01
DEN,HOU,1.93,1.53,1970-01-01
OKC,IND,1.23,2.8,1970-01-01
ATL,IND,1.58,1.86,1970-01-01
GSW,IND,1.13,3.4,1970-01-01
MIL,IND,1.32,2.4,1970-01-01
BRK,IND,2.55,1.28,1970-01-01
TOR,IND,1.22,2.85,1970-01-01
CHO,IND,1.63,1.8,1970-01-01
DET,IND,1.13,3.4,1970-01-01
WAS,IND,2.6,1.26,1970-01-01
CHI,IND,1.55,1.9,1970-01-01
DEN,IND,1.22,2.85,1970-01-01
POR,LAC,2.8,1.23,1970-01-01
NOP,LAC,,,1970-01-01
MIA,LAC,2.7,1.25,1970-01-01
OKC,LAC,1.22,2.85,1970-01-01
PHO,LAC,2.07,1.45,1970-01-01
ATL,LAC,2.2,1.4,1970-01-01
DEN,LAC,1.32,2.4,1970-01-01
MEM,LAC,2.5,1.3,1970-01-01
DAL,LAC,3.1,1.18,1970-01-01
GSW,LAL,1.56,1.88,1970-01-01
MIN,LAL,1.63,1.8,1970-01-01
POR,LAL,1.52,1.94,1970-01-01
MIA,LAL,2.1,1.43,1970-01-01
SAS,LAL,1.73,1.7,1970-01-01
UTA,LAL,,,1970-01-01
LAC,LAL,2.85,1.22,1970-01-01
DAL,LAL,3.3,1.15,1970-01-01
NOP,LAL,,,1970-01-01
NOP,MEM,2.05,1.46,1970-01-01
MIA,MEM,1.94,1.52,1970-01-01
IND,MEM,1.86,1.58,1970-01-01
LAL,MEM,1.6,1.85,1970-01-01
DET,MEM,1.42,2.15,1970-01-01
HOU,MEM,1.22,2.85,1970-01-01
DAL,MEM,2.15,1.42,1970-01-01
OKC,MEM,1.12,3.5,1970-01-01
SAC,MEM,1.96,1.5,1970-01-01
DEN,MEM,1.22,2.85,1970-01-01
CHO,MIA,2.55,1.28,1970-01-01
POR,MIA,1.48,2.0,1970-01-01
CLE,MIA,2.28,1.36,1970-01-01
NYK,MIA,1.8,1.63,1970-01-01
GSW,MIA,3.4,1.13,1970-01-01
DAL,MIA,2.95,1.2,1970-01-01
MIL,MIA,2.85,1.22,1970-01-01
DET,MIA,2.15,1.42,1970-01-01
WAS,MIL,3.4,1.13,1970-01-01
NYK,MIL,1.6,1.85,1970-01-01
GSW,MIL,1.6,1.85,1970-01-01
SAC,MIL,2.55,1.28,1970-01-01
CHI,MIL,2.15,1.42,1970-01-01
HOU,MIL,1.43,2.1,1970-01-01
CHO,MIL,3.1,1.18,1970-01-01
LAL,MIL,1.78,1.65,1970-01-01
PHI,MIL,1.55,1.9,1970-01-01
POR,MIL,1.73,1.7,1970-01-01
BRK,MIL,3.65,1.1,1970-01-01
DET,MIL,1.32,2.4,1970-01-01
IND,MIN,3.65,1.1,1970-01-01
LAL,MIN,2.6,1.26,1970-01-01
UTA,MIN,,,1970-01-01
SAC,MIN,,,1970-01-01
DEN,MIN,1.6,1.85,1970-01-01
DAL,MIN,4.2,1.06,1970-01-01
WAS,MIN,4.5,1.04,1970-01-01
BOS,MIN,2.4,1.32,1970-01-01
SAS,MIN,2.07,1.45,1970-01-01
SAS,NOP,1.43,2.1,1970-01-01
BOS,NOP,1.6,1.85,1970-01-01
CHO,NOP,1.9,1.55,1970-01-01
POR,NOP,1.2,2.95,1970-01-01
LAL,NOP,1.15,3.3,1970-01-01
GSW,NOP,,,1970-01-01
OKC,NOP,,,1970-01-01
DEN,NOP,,,1970-01-01
ATL,NOP,1.15,3.3,1970-01-01
CHI,NOP,1.33,2.35,1970-01-01
MEM,NOP,1.5,1.96,1970-01-01
CLE,NYK,1.62,1.82,1970-01-01
BOS,NYK,2.0,1.48,1970-01-01
CHI,NYK,2.7,1.25,1970-01-01
WAS,NYK,3.5,1.12,1970-01-01
MIN,NYK,2.0,1.48,1970-01-01
BRK,NYK,,,1970-01-01
MEM,NYK,3.3,1.15,1970-01-01
ORL,NYK,2.2,1.4,1970-01-01
MIA,NYK,2.5,1.3,1970-01-01
MIL,NYK,2.8,1.23,1970-01-01
TOR,NYK,2.85,1.22,1970-01-01
CHO,NYK,3.1,1.18,1970-01-01
HOU,OKC,2.55,1.28,1970-01-01
WAS,OKC,,,1970-01-01
NOP,OKC,3.8,1.09,1970-01-01
GSW,OKC,2.8,1.23,1970-01-01
LAL,OKC,2.8,1.23,1970-01-01
SAC,OKC,5.0,1.02,1970-01-01
POR,OKC,,,1970-01-01
MIN,OKC,3.2,1.16,1970-01-01
PHO,OKC,4.3,1.05,1970-01-01
MIA,ORL,2.95,1.2,1970-01-01
ATL,ORL,2.35,1.33,1970-01-01
CHI,ORL,2.4,1.32,1970-01-01
BOS,ORL,2.05,1.46,1970-01-01
POR,ORL,1.82,1.62,1970-01-01
BRK,ORL,4.1,1.07,1970-01-01
GSW,ORL,1.52,1.94,1970-01-01
LAC,ORL,2.35,1.33,1970-01-01
NYK,ORL,1.82,1.62,1970-01-01
SAS,ORL,2.85,1.22,1970-01-01
CHO,PHI,2.15,1.42,1970-01-01
DET,PHI,1.4,2.2,1970-01-01
BOS,PHI,1.63,1.8,1970-01-01
LAC,PHI,2.3,1.35,1970-01-01
TOR,PHI,1.53,1.93,1970-01-01
MIA,PHI,1.65,1.78,1970-01-01
ORL,PHI,1.38,2.25,1970-01-01
ATL,PHI,1.82,1.62,1970-01-01
GSW,PHI,2.1,1.43,1970-01-01
SAC,PHO,2.07,1.45,1970-01-01
MEM,PHO,1.55,1.9,1970-01-01
UTA,PHO,1.94,1.52,1970-01-01
LAC,PHO,2.0,1.48,1970-01-01
NOP,PHO,2.95,1.2,1970-01-01
IND,PHO,2.3,1.35,1970-01-01
ATL,PHO,1.78,1.65,1970-01-01
MIN,PHO,1.42,2.15,1970-01-01
SAS,PHO,1.9,1.55,1970-01-01
HOU,PHO,1.32,2.4,1970-01-01
DEN,PHO,1.46,2.05,1970-01-01
MIN,POR,1.4,2.2,1970-01-01
GSW,POR,1.42,2.15,1970-01-01
DEN,POR,1.3,2.5,1970-01-01
LAL,POR,2.95,1.2,1970-01-01
PHO,POR,1.82,1.62,1970-01-01
CHI,POR,1.42,2.15,1970-01-01
SAS,POR,1.73,1.7,1970-01-01
OKC,POR,,,1970-01-01
UTA,SAC,2.3,1.35,1970-01-01
LAL,SAC,1.94,1.52,1970-01-01
GSW,SAC,1.94,1.52,1970-01-01
OKC,SAC,,,1970-01-01
DEN,SAC,1.2,2.95,1970-01-01
ATL,SAC,1.4,2.2,1970-01-01
MIN,SAC,1.16,3.2,1970-01-01
PHO,SAC,1.42,2.15,1970-01-01
MEM,SAC,1.53,1.93,1970-01-01
BRK,SAS,3.65,1.1,1970-01-01
TOR,SAS,2.2,1.4,1970-01-01
MIA,SAS,2.35,1.33,1970-01-01
HOU,SAS,1.43,2.1,1970-01-01
NOP,SAS,,,1970-01-01
GSW,SAS,1.96,1.5,1970-01-01
SAC,SAS,2.6,1.26,1970-01-01
MEM,SAS,2.55,1.28,1970-01-01
ATL,SAS,1.68,1.75,1970-01-01
HOU,TOR,1.33,2.35,1970-01-01
MEM,TOR,2.25,1.38,1970-01-01
MIL,TOR,1.88,1.56,1970-01-01
CHO,TOR,3.1,1.18,1970-01-01
WAS,TOR,,,1970-01-01
BRK,TOR,,,1970-01-01
CLE,TOR,1.75,1.68,1970-01-01
IND,TOR,3.4,1.13,1970-01-01
LAL,TOR,1.93,1.53,1970-01-01
LAC,UTA,1.15,3.3,1970-01-01
PHO,UTA,1.78,1.65,1970-01-01
POR,UTA,1.52,1.94,1970-01-01
MIN,UTA,1.22,2.85,1970-01-01
IND,UTA,1.62,1.82,1970-01-01
ATL,UTA,1.55,1.9,1970-01-01
CHI,UTA,1.4,2.2,1970-01-01
OKC,UTA,,,1970-01-01
LAL,UTA,1.15,3.3,1970-01-01
SAC,UTA,1.86,1.58,1970-01-01
HOU,UTA,1.12,3.5,1970-01-01
CHO,WAS,1.82,1.62,1970-01-01
PHI,WAS,1.4,2.2,1970-01-01
ORL,WAS,1.18,3.1,1970-01-01
CLE,WAS,,,1970-01-01
DAL,WAS,1.42,2.15,1970-01-01
BRK,WAS,1.93,1.53,1970-01-01
ATL,WAS,1.13,3.4,1970-01-01
BOS,WAS,1.13,3.4,1970-01-01
NYK,BOS,2.4,1.32,2024-10-23
MIN,LAL,1.63,1.8,2024-10-23
BRK,ATL,2.6,1.26,2024-10-24
IND,DET,1.33,2.35,2024-10-24
CHO,HOU,2.85,1.22,2024-10-24
PHO,LAC,1.35,2.3,2024-10-24
ORL,MIA,1.85,1.6,2024-10-24
CHI,NOP,2.2,1.4,2024-10-24
MIL,PHI,1.45,2.07,2024-10-24
GSW,POR,1.22,2.85,2024-10-24
CLE,TOR,1.3,2.5,2024-10-24
MEM,UTA,1.56,1.88,2024-10-24
SAS,DAL,3.1,1.18,2024-10-25
OKC,DEN,1.9,1.55,2024-10-25
MIN,SAC,1.68,1.75,2024-10-25
CHO,ATL,2.3,1.35,2024-10-26
DET,CLE,3.5,1.12,2024-10-26
MEM,HOU,2.05,1.46,2024-10-26
PHO,LAL,1.78,1.65,2024-10-26
CHI,MIL,3.1,1.18,2024-10-26
IND,NYK,2.15,1.42,2024-10-26
BRK,ORL,3.8,1.09,2024-10-26
NOP,POR,1.3,2.5,2024-10-26
PHI,TOR,1.36,2.28,2024-10-26
GSW,UTA,1.26,2.6,2024-10-26
OKC,CHI,1.15,3.3,2024-10-27
MIA,CHO,1.35,2.3,2024-10-27
LAC,DEN,2.85,1.22,2024-10-27
SAC,LAL,1.73,1.7,2024-10-27
ORL,MEM,1.63,1.8,2024-10-27
TOR,MIN,4.0,1.08,2024-10-27
DAL,PHO,1.4,2.2,2024-10-27
HOU,SAS,1.63,1.8,2024-10-27
CLE,WAS,1.16,3.2,2024-10-27
MIL,BRK,1.2,2.95,2024-10-28
LAC,GSW,3.2,1.16,2024-10-28
PHI,IND,2.95,1.2,2024-10-28
ATL,OKC,3.5,1.12,2024-10-28
NOP,POR,1.28,2.55,2024-10-28
WAS,ATL,2.7,1.25,2024-10-29
MIL,BOS,3.2,1.16,2024-10-29
UTA,DAL,4.0,1.08,2024-10-29
CHI,MEM,2.28,1.36,2024-10-29
DET,MIA,2.95,1.2,2024-10-29
CLE,NYK,1.93,1.53,2024-10-29
IND,ORL,2.35,1.33,2024-10-29
LAL,PHO,2.0,1.48,2024-10-29
HOU,SAS,1.55,1.9,2024-10-29
DEN,TOR,1.2,2.95,2024-10-29
DEN,BRK,1.36,2.28,2024-10-30
NOP,GSW,1.62,1.82,2024-10-30
DAL,MIN,2.25,1.38,2024-10-30
SAC,UTA,1.3,2.5,2024-10-30
ORL,CHI,1.33,2.35,2024-10-31
TOR,CHO,2.5,1.3,2024-10-31
LAL,CLE,2.1,1.43,2024-10-31
NOP,GSW,2.0,1.48,2024-10-31
BOS,IND,1.28,2.55,2024-10-31
POR,LAC,2.85,1.22,2024-10-31
BRK,MEM,3.8,1.09,2024-10-31
NYK,MIA,1.66,1.76,2024-10-31
DET,PHI,2.15,1.42,2024-10-31
ATL,WAS,1.4,2.2,2024-10-31
HOU,DAL,2.55,1.28,2024-11-01
PHO,LAC,1.4,2.2,2024-11-01
MIL,MEM,1.3,2.5,2024-11-01
SAS,UTA,1.58,1.86,2024-11-01
SAC,ATL,1.3,2.5,2024-11-02
CHI,BRK,1.73,1.7,2024-11-02
BOS,CHO,1.12,3.5,2024-11-02
ORL,CLE,2.6,1.26,2024-11-02
NYK,DET,1.28,2.55,2024-11-02
DEN,MIN,1.93,1.53,2024-11-02
IND,NOP,1.42,2.15,2024-11-02
OKC,POR,1.1,3.65,2024-11-02
LAL,TOR,1.18,3.1,2024-11-02
BOS,CHO,1.1,3.65,2024-11-03
UTA,DEN,3.5,1.12,2024-11-03
GSW,HOU,2.2,1.4,2024-11-03
OKC,LAC,1.33,2.35,2024-11-03
CLE,MIL,1.82,1.62,2024-11-03
MEM,PHI,1.75,1.68,2024-11-03
POR,PHO,3.8,1.09,2024-11-03
MIN,SAS,1.43,2.1,2024-11-03
SAC,TOR,1.2,2.95,2024-11-03
MIA,WAS,1.15,3.3,2024-11-03
DET,BRK,1.94,1.52,2024-11-04
ORL,DAL,2.6,1.26,2024-11-04
ATL,NOP,1.9,1.55,2024-11-04
BOS,ATL,1.13,3.4,2024-11-05
MEM,BRK,1.4,2.2,2024-11-05
UTA,CHI,2.8,1.23,2024-11-05
MIL,CLE,3.1,1.18,2024-11-05
IND,DAL,2.28,1.36,2024-11-05
TOR,DEN,3.5,1.12,2024-11-05
LAL,DET,1.26,2.6,2024-11-05
NYK,HOU,1.62,1.82,2024-11-05
SAS,LAC,2.1,1.43,2024-11-05
SAC,MIA,1.75,1.68,2024-11-05
CHO,MIN,3.2,1.16,2024-11-05
POR,NOP,1.73,1.7,2024-11-05
PHI,PHO,2.7,1.25,2024-11-05
GSW,WAS,1.1,3.65,2024-11-05
NYK,ATL,1.26,2.6,2024-11-07
GSW,BOS,2.5,1.3,2024-11-07
DET,CHO,1.76,1.66,2024-11-07
CHI,DAL,3.4,1.13,2024-11-07
OKC,DEN,1.28,2.55,2024-11-07
SAS,HOU,2.6,1.26,2024-11-07
ORL,IND,2.3,1.35,2024-11-07
PHI,LAC,1.8,1.63,2024-11-07
LAL,MEM,2.07,1.45,2024-11-07
CLE,NOP,1.25,2.7,2024-11-07
MIA,PHO,2.25,1.38,2024-11-07
TOR,SAC,3.65,1.1,2024-11-07
MIN,CHI,1.18,3.1,2024-11-08
UTA,MIL,3.3,1.15,2024-11-08
POR,SAS,2.1,1.43,2024-11-08
IND,CHO,1.26,2.6,2024-11-09
GSW,CLE,2.07,1.45,2024-11-09
PHO,DAL,2.0,1.48,2024-11-09
MIA,DEN,1.96,1.5,2024-11-09
ATL,DET,1.8,1.63,2024-11-09
PHI,LAL,2.7,1.25,2024-11-09
WAS,MEM,2.8,1.23,2024-11-09
POR,MIN,3.8,1.09,2024-11-09
MIL,NYK,2.5,1.3,2024-11-09
HOU,OKC,2.95,1.2,2024-11-09
NOP,ORL,2.7,1.25,2024-11-09
LAC,SAC,2.5,1.3,2024-11-09
CHI,ATL,1.9,1.55,2024-11-10
BRK,CLE,3.8,1.09,2024-11-10
TOR,LAC,2.5,1.3,2024-11-10
UTA,SAS,2.5,1.3,2024-11-10
DAL,DEN,1.9,1.55,2024-11-11
HOU,DET,1.45,2.07,2024-11-11
NYK,IND,1.53,1.93,2024-11-11
TOR,LAL,3.5,1.12,2024-11-11
BOS,MIL,1.38,2.25,2024-11-11
MIA,MIN,2.7,1.25,2024-11-11
GSW,OKC,2.55,1.28,2024-11-11
WAS,ORL,3.65,1.1,2024-11-11
CHO,PHI,2.2,1.4,2024-11-11
SAC,PHO,1.66,1.76,2024-11-11
MEM,POR,1.68,1.75,2024-11-11
CLE,CHI,1.2,2.95,2024-11-12
WAS,HOU,3.8,1.09,2024-11-12
BRK,NOP,1.56,1.88,2024-11-12
LAC,OKC,2.6,1.26,2024-11-12
SAC,SAS,1.55,1.9,2024-11-12
MIA,DET,1.65,1.78,2024-11-13
DAL,GSW,1.9,1.55,2024-11-13
TOR,MIL,3.1,1.18,2024-11-13
CHO,ORL,3.1,1.18,2024-11-13
NYK,PHI,1.5,1.96,2024-11-13
MIN,POR,1.16,3.2,2024-11-13
PHO,UTA,1.36,2.28,2024-11-13
BOS,BRK,1.15,3.3,2024-11-14
LAC,HOU,2.2,1.4,2024-11-14
MEM,LAL,2.85,1.22,2024-11-14
DET,MIL,2.6,1.26,2024-11-14
CHI,NYK,2.85,1.22,2024-11-14
IND,ORL,1.76,1.66,2024-11-14
CLE,PHI,1.12,3.5,2024-11-14
MIN,POR,1.13,3.4,2024-11-14
PHO,SAC,2.85,1.22,2024-11-14
WAS,SAS,3.2,1.16,2024-11-14
DAL,UTA,1.22,2.85,2024-11-15
WAS,ATL,3.2,1.16,2024-11-16
CHI,CLE,3.4,1.13,2024-11-16
MEM,GSW,2.7,1.25,2024-11-16
LAC,HOU,2.25,1.38,2024-11-16
MIA,IND,2.15,1.42,2024-11-16
DEN,NOP,1.6,1.85,2024-11-16
BRK,NYK,3.3,1.15,2024-11-16
PHO,OKC,2.8,1.23,2024-11-16
PHI,ORL,1.9,1.55,2024-11-16
MIN,SAC,1.63,1.8,2024-11-16
LAL,SAS,1.55,1.9,2024-11-16
DET,TOR,1.55,1.9,2024-11-16
MIL,CHO,1.48,2.0,2024-11-17
SAS,DAL,3.8,1.09,2024-11-17
LAL,NOP,1.23,2.8,2024-11-17
UTA,SAC,2.6,1.26,2024-11-17
HOU,CHI,1.4,2.2,2024-11-18
CHO,CLE,3.4,1.13,2024-11-18
MIA,IND,2.05,1.46,2024-11-18
UTA,LAC,3.4,1.13,2024-11-18
DEN,MEM,2.35,1.33,2024-11-18
PHO,MIN,2.6,1.26,2024-11-18
BRK,NYK,3.3,1.15,2024-11-18
DAL,OKC,2.7,1.25,2024-11-18
ATL,POR,1.43,2.1,2024-11-18
DET,WAS,1.33,2.35,2024-11-18
CHI,DET,2.1,1.43,2024-11-19
GSW,LAC,1.32,2.4,2024-11-19
PHI,MIA,2.15,1.42,2024-11-19
HOU,MIL,1.94,1.52,2024-11-19
ORL,PHO,1.42,2.15,2024-11-19
ATL,SAC,2.05,1.46,2024-11-19
IND,TOR,1.5,1.96,2024-11-19
CLE,BOS,2.25,1.38,2024-11-20
CHO,BRK,1.93,1.53,2024-11-20
NOP,DAL,3.8,1.09,2024-11-20
UTA,LAL,3.4,1.13,2024-11-20
DEN,MEM,2.35,1.33,2024-11-20
OKC,SAS,1.13,3.4,2024-11-20
ATL,GSW,2.85,1.22,2024-11-21
IND,HOU,2.4,1.32,2024-11-21
ORL,LAC,1.48,2.0,2024-11-21
PHI,MEM,1.38,2.25,2024-11-21
CHI,MIL,3.1,1.18,2024-11-21
NYK,PHO,1.4,2.2,2024-11-21
DET,CHO,1.58,1.86,2024-11-22
ORL,LAL,2.4,1.32,2024-11-22
UTA,SAS,1.94,1.52,2024-11-22
MIN,TOR,1.25,2.7,2024-11-22
ATL,CHI,1.63,1.8,2024-11-23
DAL,DEN,2.25,1.38,2024-11-23
SAC,LAC,1.45,2.07,2024-11-23
IND,MIL,2.3,1.35,2024-11-23
GSW,NOP,1.13,3.4,2024-11-23
BRK,PHI,2.25,1.38,2024-11-23
MEM,CHI,1.43,2.1,2024-11-24
POR,HOU,4.2,1.06,2024-11-24
DEN,LAL,1.96,1.5,2024-11-24
CHO,MIL,2.8,1.23,2024-11-24
DET,ORL,3.1,1.18,2024-11-24
GSW,SAS,1.5,1.96,2024-11-24
NYK,UTA,1.18,3.1,2024-11-24
MIN,BOS,2.95,1.2,2024-11-25
WAS,IND,3.65,1.1,2024-11-25
DAL,MIA,1.88,1.56,2024-11-25
LAC,PHI,1.65,1.78,2024-11-25
BRK,SAC,3.4,1.13,2024-11-25
DAL,ATL,1.9,1.55,2024-11-26
LAC,BOS,3.4,1.13,2024-11-26
ORL,CHO,1.42,2.15,2024-11-26
NYK,DEN,2.05,1.46,2024-11-26
TOR,DET,2.15,1.42,2024-11-26
NOP,IND,2.7,1.25,2024-11-26
POR,MEM,3.4,1.13,2024-11-26
OKC,SAC,1.48,2.0,2024-11-26
MIL,MIA,2.35,1.33,2024-11-27
HOU,MIN,1.94,1.52,2024-11-27
LAL,PHO,2.0,1.48,2024-11-27
SAS,UTA,1.6,1.85,2024-11-27
CHI,WAS,1.35,2.3,2024-11-27
MIA,CHO,1.43,2.1,2024-11-28
ATL,CLE,3.3,1.15,2024-11-28
NYK,DAL,1.43,2.1,2024-11-28
OKC,GSW,1.4,2.2,2024-11-28
POR,IND,3.3,1.15,2024-11-28
DET,MEM,2.85,1.22,2024-11-28
SAC,MIN,1.96,1.5,2024-11-28
TOR,NOP,1.82,1.62,2024-11-28
CHI,ORL,3.2,1.16,2024-11-28
HOU,PHI,1.35,2.3,2024-11-28
BRK,PHO,3.2,1.16,2024-11-28
LAL,SAS,1.62,1.82,2024-11-28
DEN,UTA,1.12,3.5,2024-11-28
LAC,WAS,1.13,3.4,2024-11-28
CLE,ATL,1.32,2.4,2024-11-30
ORL,BRK,1.26,2.6,2024-11-30
BOS,CHI,1.08,4.0,2024-11-30
NYK,CHO,1.09,3.8,2024-11-30
DET,IND,2.25,1.38,2024-11-30
OKC,LAL,1.53,1.93,2024-11-30
NOP,MEM,3.65,1.1,2024-11-30
TOR,MIA,2.85,1.22,2024-11-30
LAC,MIN,2.5,1.3,2024-11-30
SAC,POR,1.26,2.6,2024-11-30
ATL,CHO,1.33,2.35,2024-12-01
PHI,DET,1.85,1.6,2024-12-01
GSW,PHO,1.73,1.7,2024-12-01
DAL,UTA,1.3,2.5,2024-12-01
ORL,BRK,1.28,2.55,2024-12-02
BOS,CLE,1.78,1.65,2024-12-02
OKC,HOU,1.63,1.8,2024-12-02
DEN,LAC,1.53,1.93,2024-12-02
IND,MEM,2.5,1.3,2024-12-02
NOP,NYK,4.0,1.08,2024-12-02
DAL,POR,1.33,2.35,2024-12-02
SAS,SAC,2.5,1.3,2024-12-02
MIA,TOR,1.4,2.2,2024-12-02
LAL,UTA,1.35,2.3,2024-12-02
NOP,ATL,2.95,1.2,2024-12-03
MIA,BOS,2.95,1.2,2024-12-03
BRK,CHI,2.7,1.25,2024-12-03
LAL,MIN,2.7,1.25,2024-12-03
PHI,CHO,1.4,2.2,2024-12-04
MEM,DAL,2.2,1.4,2024-12-04
GSW,DEN,2.2,1.4,2024-12-04
MIL,DET,1.53,1.93,2024-12-04
POR,LAC,3.1,1.18,2024-12-04
ORL,NYK,2.15,1.42,2024-12-04
SAS,PHO,2.7,1.25,2024-12-04
HOU,SAC,1.8,1.63,2024-12-04
IND,TOR,1.53,1.93,2024-12-04
IND,BRK,1.55,1.9,2024-12-05
MIN,LAC,1.43,2.1,2024-12-05
LAL,MIA,2.05,1.46,2024-12-05
ATL,MIL,2.15,1.42,2024-12-05
ORL,PHI,1.36,2.28,2024-12-05
DEN,CLE,2.1,1.43,2024-12-06
HOU,GSW,1.4,2.2,2024-12-06
SAC,MEM,1.96,1.5,2024-12-06
PHO,NOP,1.62,1.82,2024-12-06
CHI,SAS,1.82,1.62,2024-12-06
OKC,TOR,1.15,3.3,2024-12-06
DAL,WAS,1.09,3.8,2024-12-06
LAL,ATL,2.1,1.43,2024-12-07
MIL,BOS,2.85,1.22,2024-12-07
IND,CHI,1.5,1.96,2024-12-07
MIN,GSW,1.65,1.78,2024-12-07
ORL,PHI,1.5,1.96,2024-12-07
UTA,POR,2.07,1.45,2024-12-07
SAC,SAS,1.33,2.35,2024-12-07
MEM,BOS,2.7,1.25,2024-12-08
CLE,CHO,1.09,3.8,2024-12-08
PHO,MIA,2.3,1.35,2024-12-08
OKC,NOP,1.22,2.85,2024-12-08
DET,NYK,2.95,1.2,2024-12-08
DAL,TOR,1.22,2.85,2024-12-08
DEN,ATL,1.76,1.66,2024-12-09
MIL,BRK,1.32,2.4,2024-12-09
PHI,CHI,1.62,1.82,2024-12-09
MIN,GSW,1.72,1.72,2024-12-09
CHO,IND,3.65,1.1,2024-12-09
HOU,LAC,1.48,2.0,2024-12-09
POR,LAL,2.8,1.23,2024-12-09
CLE,MIA,1.56,1.88,2024-12-09
PHO,ORL,1.85,1.6,2024-12-09
UTA,SAC,3.65,1.1,2024-12-09
NOP,SAS,2.6,1.26,2024-12-09
MEM,WAS,1.15,3.3,2024-12-09
NYK,TOR,1.23,2.8,2024-12-10
ORL,MIL,2.85,1.22,2024-12-11
DAL,OKC,2.0,1.48,2024-12-11
GSW,HOU,1.88,1.56,2024-12-12
ATL,NYK,2.85,1.22,2024-12-12
DET,BOS,4.2,1.06,2024-12-13
TOR,MIA,3.2,1.16,2024-12-13
SAC,NOP,1.26,2.6,2024-12-13
CHO,CHI,2.4,1.32,2024-12-14
LAC,DEN,2.55,1.28,2024-12-14
BRK,MEM,3.4,1.13,2024-12-14
LAL,MIN,2.7,1.25,2024-12-14
IND,PHI,2.5,1.3,2024-12-14
SAS,POR,1.48,2.0,2024-12-14
PHO,UTA,1.28,2.55,2024-12-14
ATL,MIL,2.05,1.46,2024-12-15
HOU,OKC,2.4,1.32,2024-12-15
DAL,GSW,1.62,1.82,2024-12-16
NOP,IND,2.6,1.26,2024-12-16
MEM,LAL,1.55,1.9,2024-12-16
NYK,ORL,1.42,2.15,2024-12-16
POR,PHO,3.65,1.1,2024-12-16
MIN,SAS,1.43,2.1,2024-12-16
CLE,BRK,1.13,3.4,2024-12-17
PHI,CHO,1.62,1.82,2024-12-17
MIA,DET,1.42,2.15,2024-12-17
UTA,LAC,2.8,1.23,2024-12-17
DEN,SAC,1.76,1.66,2024-12-17
CHI,TOR,1.6,1.85,2024-12-17
MIL,OKC,2.35,1.33,2024-12-18
LAC,DAL,1.76,1.66,2024-12-20
UTA,DET,2.15,1.42,2024-12-20
NOP,HOU,3.1,1.18,2024-12-20
GSW,MEM,1.86,1.58,2024-12-20
NYK,MIN,1.9,1.55,2024-12-20
OKC,ORL,1.28,2.55,2024-12-20
IND,PHO,2.5,1.3,2024-12-20
DEN,POR,1.2,2.95,2024-12-20
LAL,SAC,2.15,1.42,2024-12-20
ATL,SAS,1.82,1.62,2024-12-20
BRK,TOR,1.94,1.52,2024-12-20
CHO,WAS,1.46,2.05,2024-12-20
MIL,CLE,3.1,1.18,2024-12-21
OKC,MIA,1.66,1.76,2024-12-21
CHO,PHI,4.0,1.08,2024-12-21
MEM,ATL,1.65,1.78,2024-12-22
UTA,BRK,1.88,1.56,2024-12-22
BOS,CHI,1.09,3.8,2024-12-22
PHI,CLE,3.65,1.1,2024-12-22
LAC,DAL,2.2,1.4,2024-12-22
WAS,MIL,3.8,1.09,2024-12-22
GSW,MIN,1.94,1.52,2024-12-22
NYK,NOP,1.23,2.8,2024-12-22
MIA,ORL,1.94,1.52,2024-12-22
DET,PHO,2.4,1.32,2024-12-22
LAL,SAC,2.3,1.35,2024-12-22
POR,SAS,2.55,1.28,2024-12-22
DEN,NOP,1.15,3.3,2024-12-23
IND,SAC,1.8,1.63,2024-12-23
HOU,TOR,1.2,2.95,2024-12-23
MIN,ATL,1.46,2.05,2024-12-24
MIL,CHI,1.9,1.55,2024-12-24
HOU,CHO,1.28,2.55,2024-12-24
POR,DAL,3.65,1.1,2024-12-24
PHO,DEN,2.15,1.42,2024-12-24
IND,GSW,2.25,1.38,2024-12-24
DET,LAL,2.4,1.32,2024-12-24
LAC,MEM,2.35,1.33,2024-12-24
BRK,MIA,3.3,1.15,2024-12-24
BOS,ORL,1.13,3.4,2024-12-24
SAS,PHI,2.25,1.38,2024-12-24
PHI,BOS,3.1,1.18,2024-12-26
MIN,DAL,2.28,1.36,2024-12-26
LAL,GSW,2.05,1.46,2024-12-26
SAS,NYK,3.1,1.18,2024-12-26
DEN,PHO,1.52,1.94,2024-12-26
CHI,ATL,2.4,1.32,2024-12-27
OKC,IND,1.36,2.28,2024-12-27
TOR,MEM,3.65,1.1,2024-12-27
BRK,MIL,3.2,1.16,2024-12-27
HOU,NOP,1.25,2.7,2024-12-27
MIA,ORL,1.78,1.65,2024-12-27
UTA,POR,1.96,1.5,2024-12-27
DET,SAC,2.25,1.38,2024-12-27
CHO,WAS,1.42,2.15,2024-12-27
IND,BOS,3.65,1.1,2024-12-28
SAS,BRK,1.25,2.7,2024-12-28
CLE,DEN,1.5,1.96,2024-12-28
MIN,HOU,1.73,1.7,2024-12-28
GSW,LAC,2.4,1.32,2024-12-28
MEM,NOP,1.2,2.95,2024-12-28
NYK,ORL,1.26,2.6,2024-12-28
DAL,PHO,1.73,1.7,2024-12-28
MIA,ATL,1.85,1.6,2024-12-29
MIL,CHI,1.55,1.9,2024-12-29
DET,DEN,2.4,1.32,2024-12-29
PHO,GSW,2.5,1.3,2024-12-29
SAC,LAL,1.55,1.9,2024-12-29
DAL,POR,1.43,2.1,2024-12-29
PHI,UTA,1.32,2.4,2024-12-29
NYK,WAS,1.09,3.8,2024-12-29
MIA,HOU,2.95,1.2,2024-12-30
SAS,MIN,2.5,1.3,2024-12-30
MEM,OKC,2.7,1.25,2024-12-30
BRK,ORL,2.6,1.26,2024-12-30
ATL,TOR,1.65,1.78,2024-12-30
CHI,CHO,1.4,2.2,2024-12-31
CLE,GSW,1.4,2.2,2024-12-31
LAC,NOP,1.4,2.2,2024-12-31
PHI,POR,1.28,2.55,2024-12-31
DAL,SAC,2.8,1.23,2024-12-31
DEN,UTA,1.25,2.7,2024-12-31
NYK,WAS,1.1,3.65,2024-12-31
TOR,BOS,5.0,1.02,2025-01-01
MIL,IND,1.63,1.8,2025-01-01
CLE,LAL,1.4,2.2,2025-01-01
MIN,OKC,2.55,1.28,2025-01-01
MEM,PHO,2.28,1.36,2025-01-01
LAC,SAS,2.0,1.48,2025-01-01
ATL,DEN,2.6,1.26,2025-01-02
ORL,DET,1.85,1.6,2025-01-02
DAL,HOU,2.3,1.35,2025-01-02
NOP,MIA,3.1,1.18,2025-01-02
PHI,SAC,2.5,1.3,2025-01-02
BRK,TOR,1.8,1.63,2025-01-02
CHI,WAS,1.32,2.4,2025-01-02
PHI,GSW,2.15,1.42,2025-01-03
POR,LAL,2.6,1.26,2025-01-03
IND,MIA,1.8,1.63,2025-01-03
BOS,MIN,1.5,1.96,2025-01-03
LAC,OKC,3.65,1.1,2025-01-03
CLE,DAL,1.18,3.1,2025-01-04
SAS,DEN,2.4,1.32,2025-01-04
CHO,DET,2.85,1.22,2025-01-04
BOS,HOU,1.52,1.94,2025-01-04
ATL,LAL,1.93,1.53,2025-01-04
WAS,NOP,2.7,1.25,2025-01-04
NYK,OKC,2.15,1.42,2025-01-04
MEM,SAC,1.94,1.52,2025-01-04
ORL,TOR,1.63,1.8,2025-01-04
PHI,BRK,1.22,2.85,2025-01-05
NYK,CHI,1.32,2.4,2025-01-05
MIN,DET,1.28,2.55,2025-01-05
MEM,GSW,1.94,1.52,2025-01-05
PHO,IND,1.94,1.52,2025-01-05
ATL,LAC,2.6,1.26,2025-01-05
UTA,MIA,2.95,1.2,2025-01-05
POR,MIL,3.8,1.09,2025-01-05
DEN,SAS,1.53,1.93,2025-01-05
SAC,GSW,2.0,1.48,2025-01-06
LAL,HOU,2.15,1.42,2025-01-06
BOS,OKC,1.73,1.7,2025-01-06
UTA,ORL,2.95,1.2,2025-01-06
NOP,WAS,1.38,2.25,2025-01-06
IND,BRK,1.1,3.65,2025-01-07
SAS,CHI,1.58,1.86,2025-01-07
POR,DET,2.55,1.28,2025-01-07
DAL,MEM,2.28,1.36,2025-01-07
LAC,MIN,1.8,1.63,2025-01-07
ORL,NYK,3.65,1.1,2025-01-07
PHO,PHI,1.65,1.78,2025-01-07
MIA,SAC,1.94,1.52,2025-01-07
MIL,TOR,1.32,2.4,2025-01-07
PHO,CHO,1.35,2.3,2025-01-08
LAL,DAL,1.3,2.5,2025-01-08
BOS,DEN,1.15,3.3,2025-01-08
MIA,GSW,3.2,1.16,2025-01-08
MIN,NOP,1.46,2.05,2025-01-08
ATL,UTA,1.36,2.28,2025-01-08
HOU,WAS,1.09,3.8,2025-01-08
DET,BRK,1.18,3.1,2025-01-09
OKC,CLE,1.96,1.5,2025-01-09
LAC,DEN,1.68,1.75,2025-01-09
CHI,IND,2.5,1.3,2025-01-09
SAS,MIL,2.28,1.36,2025-01-09
POR,NOP,1.75,1.68,2025-01-09
TOR,NYK,3.65,1.1,2025-01-09
WAS,PHI,3.65,1.1,2025-01-09
POR,DAL,2.7,1.25,2025-01-10
GSW,DET,1.53,1.93,2025-01-10
CHO,LAL,2.95,1.2,2025-01-10
HOU,MEM,1.93,1.53,2025-01-10
MIN,ORL,1.33,2.35,2025-01-10
ATL,PHO,2.5,1.3,2025-01-10
MIA,UTA,1.33,2.35,2025-01-10
SAC,BOS,3.8,1.09,2025-01-11
WAS,CHI,3.4,1.13,2025-01-11
BRK,DEN,4.2,1.06,2025-01-11
GSW,IND,3.65,1.1,2025-01-11
OKC,NYK,1.33,2.35,2025-01-11
MIL,ORL,1.3,2.5,2025-01-11
NOP,PHI,2.6,1.26,2025-01-11
HOU,ATL,1.32,2.4,2025-01-12
TOR,DET,2.35,1.33,2025-01-12
CHO,LAC,3.2,1.16,2025-01-12
SAS,LAL,1.94,1.52,2025-01-12
MEM,MIN,1.82,1.62,2025-01-12
UTA,PHO,3.65,1.1,2025-01-12
MIA,POR,1.43,2.1,2025-01-12
SAC,CHI,1.38,2.25,2025-01-13
IND,CLE,3.2,1.16,2025-01-13
DEN,DAL,1.28,2.55,2025-01-13
MIL,NYK,2.2,1.4,2025-01-13
PHI,ORL,1.63,1.8,2025-01-13
CHO,PHO,2.6,1.26,2025-01-13
BRK,UTA,2.1,1.43,2025-01-13
MEM,HOU,1.94,1.52,2025-01-14
MIA,LAC,2.8,1.23,2025-01-14
SAS,LAL,2.05,1.46,2025-01-14
DET,NYK,2.7,1.25,2025-01-14
GSW,TOR,1.33,2.35,2025-01-14
PHO,ATL,1.63,1.8,2025-01-15
NOP,CHI,1.78,1.65,2025-01-15
DEN,DAL,1.48,2.0,2025-01-15
CLE,IND,1.2,2.95,2025-01-15
SAC,MIL,1.85,1.6,2025-01-15
OKC,PHI,1.08,4.0,2025-01-15
BRK,POR,2.07,1.45,2025-01-15
ATL,CHI,2.55,1.28,2025-01-16
HOU,DEN,1.45,2.07,2025-01-16
MIA,LAL,2.15,1.42,2025-01-16
ORL,MIL,2.55,1.28,2025-01-16
GSW,MIN,2.5,1.3,2025-01-16
DAL,NOP,1.75,1.68,2025-01-16
NYK,PHI,1.25,2.7,2025-01-16
MEM,SAS,1.55,1.9,2025-01-16
CHO,UTA,1.35,2.3,2025-01-16
IND,DET,1.68,1.75,2025-01-17
CLE,OKC,1.85,1.6,2025-01-17
LAC,POR,1.26,2.6,2025-01-17
HOU,SAC,2.2,1.4,2025-01-17
PHO,WAS,1.09,3.8,2025-01-17
ORL,BOS,3.8,1.09,2025-01-18
CHO,CHI,2.1,1.43,2025-01-18
OKC,DAL,1.33,2.35,2025-01-18
BRK,LAL,3.65,1.1,2025-01-18
DEN,MIA,1.43,2.1,2025-01-18
TOR,MIL,3.65,1.1,2025-01-18
UTA,NOP,3.65,1.1,2025-01-18
MIN,NYK,2.15,1.42,2025-01-18
MEM,SAS,1.75,1.68,2025-01-18
ATL,BOS,3.3,1.15,2025-01-19
PHO,DET,1.68,1.75,2025-01-19
PHI,IND,3.1,1.18,2025-01-19
CLE,MIN,1.32,2.4,2025-01-19
HOU,POR,1.12,3.5,2025-01-19
LAL,LAC,2.25,1.38,2025-01-20
SAS,MIA,1.96,1.5,2025-01-20
PHI,MIL,3.8,1.09,2025-01-20
DEN,ORL,1.23,2.8,2025-01-20
CHI,POR,1.35,2.3,2025-01-20
DAL,CHO,1.43,2.1,2025-01-21
PHO,CLE,2.8,1.23,2025-01-21
BOS,GSW,1.16,3.2,2025-01-21
DET,HOU,2.85,1.22,2025-01-21
CHI,LAC,2.4,1.32,2025-01-21
MIN,MEM,2.4,1.32,2025-01-21
UTA,NOP,3.8,1.09,2025-01-21
ATL,NYK,2.6,1.26,2025-01-21
NYK,BRK,1.1,3.65,2025-01-22
POR,MIA,3.1,1.18,2025-01-22
ORL,TOR,1.53,1.93,2025-01-22
DET,ATL,2.1,1.43,2025-01-23
PHO,BRK,1.1,3.65,2025-01-23
MIN,DAL,1.45,2.07,2025-01-23
CLE,HOU,1.5,1.96,2025-01-23
BOS,LAC,1.08,4.0,2025-01-23
CHO,MEM,3.8,1.09,2025-01-23
MIL,NOP,1.36,2.28,2025-01-23
GSW,SAC,2.7,1.25,2025-01-23
TOR,ATL,2.25,1.38,2025-01-24
SAC,DEN,2.95,1.2,2025-01-24
CHI,GSW,2.0,1.48,2025-01-24
SAS,IND,1.93,1.53,2025-01-24
BOS,LAL,1.3,2.5,2025-01-24
MIA,MIL,2.5,1.3,2025-01-24
DAL,OKC,3.8,1.09,2025-01-24
POR,ORL,2.85,1.22,2025-01-24
POR,CHO,1.7,1.73,2025-01-25
NOP,MEM,3.3,1.15,2025-01-25
CLE,PHI,1.12,3.5,2025-01-25
TOR,ATL,2.35,1.33,2025-01-26
MIA,BRK,1.25,2.7,2025-01-26
PHI,CHI,2.15,1.42,2025-01-26
NOP,CHO,1.62,1.82,2025-01-26
HOU,CLE,2.2,1.4,2025-01-26
BOS,DAL,1.22,2.85,2025-01-26
LAL,GSW,1.68,1.75,2025-01-26
MIL,LAC,1.96,1.5,2025-01-26
UTA,MEM,3.5,1.12,2025-01-26
DEN,MIN,1.43,2.1,2025-01-26
SAC,NYK,2.15,1.42,2025-01-26
DET,ORL,1.93,1.53,2025-01-26
IND,SAS,1.6,1.85,2025-01-26
OKC,POR,1.08,4.0,2025-01-27
HOU,BOS,2.4,1.32,2025-01-28
SAC,BRK,1.09,3.8,2025-01-28
DEN,CHI,1.16,3.2,2025-01-28
LAL,CHO,1.38,2.25,2025-01-28
DET,CLE,3.4,1.13,2025-01-28
WAS,DAL,4.0,1.08,2025-01-28
ORL,MIA,1.75,1.68,2025-01-28
ATL,MIN,3.5,1.12,2025-01-28
MEM,NYK,2.0,1.48,2025-01-28
LAC,PHO,1.63,1.8,2025-01-28
NOP,TOR,1.65,1.78,2025-01-28
MIL,UTA,1.16,3.2,2025-01-28
HOU,ATL,1.3,2.5,2025-01-29
UTA,GSW,3.4,1.13,2025-01-29
LAL,PHI,1.4,2.2,2025-01-29
MIL,POR,1.32,2.4,2025-01-29
BRK,CHO,1.86,1.58,2025-01-30
OKC,GSW,1.15,3.3,2025-01-30
DET,IND,2.4,1.32,2025-01-30
CLE,MIA,1.32,2.4,2025-01-30
DAL,NOP,1.68,1.75,2025-01-30
DEN,NYK,1.93,1.53,2025-01-30
SAC,PHI,1.2,2.95,2025-01-30
MIN,PHO,1.85,1.6,2025-01-30
LAC,SAS,1.43,2.1,2025-01-30
TOR,WAS,1.35,2.3,2025-01-30
ATL,CLE,3.5,1.12,2025-01-31
HOU,MEM,2.1,1.43,2025-01-31
ORL,POR,1.35,2.3,2025-01-31
MIN,UTA,1.32,2.4,2025-01-31
LAL,WAS,1.18,3.1,2025-01-31
DAL,DET,1.66,1.76,2025-02-01
PHO,GSW,1.68,1.75,2025-02-01
BOS,NOP,1.1,3.65,2025-02-01
DEN,PHI,1.18,3.1,2025-02-01
MIL,SAS,1.5,1.96,2025-02-01
CHI,TOR,1.96,1.5,2025-02-01
ATL,IND,3.2,1.16,2025-02-02
LAL,NYK,3.4,1.13,2025-02-02
SAC,OKC,2.8,1.23,2025-02-02
PHO,POR,1.43,2.1,2025-02-02
MIA,SAS,1.45,2.07,2025-02-02
ORL,UTA,1.43,2.1,2025-02-02
DAL,CLE,3.8,1.09,2025-02-03
CHI,DET,2.4,1.32,2025-02-03
MEM,MIL,2.15,1.42,2025-02-03
BOS,PHI,1.12,3.5,2025-02-03
LAC,TOR,1.33,2.35,2025-02-03
WAS,CHO,2.25,1.38,2025-02-04
ATL,DET,2.1,1.43,2025-02-04
ORL,GSW,1.96,1.5,2025-02-04
SAS,MEM,2.0,1.48,2025-02-04
SAC,MIN,2.28,1.36,2025-02-04
HOU,NYK,2.55,1.28,2025-02-04
MIL,OKC,3.65,1.1,2025-02-04
PHO,POR,1.38,2.25,2025-02-04
IND,UTA,1.26,2.6,2025-02-04
HOU,BRK,1.15,3.3,2025-02-05
MIA,CHI,1.48,2.0,2025-02-05
BOS,CLE,1.73,1.7,2025-02-05
LAL,LAC,2.85,1.22,2025-02-05
DAL,PHI,2.25,1.38,2025-02-05
IND,POR,1.36,2.28,2025-02-05
NYK,TOR,1.36,2.28,2025-02-05
SAS,ATL,1.43,2.1,2025-02-06
WAS,BRK,2.25,1.38,2025-02-06
MIL,CHO,1.12,3.5,2025-02-06
NOP,DEN,3.5,1.12,2025-02-06
CLE,DET,1.43,2.1,2025-02-06
CHI,MIN,3.65,1.1,2025-02-06
MIA,PHI,1.85,1.6,2025-02-06
ORL,SAC,2.07,1.45,2025-02-06
MEM,TOR,1.13,3.4,2025-02-06
GSW,UTA,1.26,2.6,2025-02-06
DAL,BOS,3.8,1.09,2025-02-07
ORL,DEN,2.5,1.3,2025-02-07
IND,LAC,2.28,1.36,2025-02-07
GSW,LAL,2.55,1.28,2025-02-07
HOU,MIN,1.8,1.63,2025-02-07
SAC,POR,1.66,1.76,2025-02-07
MIL,ATL,1.48,2.0,2025-02-08
MIA,BRK,1.33,2.35,2025-02-08
SAS,CHO,1.15,3.3,2025-02-08
PHI,DET,1.43,2.1,2025-02-08
UTA,PHO,2.5,1.3,2025-02-08
GSW,CHI,1.3,2.5,2025-02-09
HOU,DAL,1.94,1.52,2025-02-09
IND,LAL,1.42,2.15,2025-02-09
OKC,MEM,1.68,1.75,2025-02-09
POR,MIN,2.0,1.48,2025-02-09
BOS,NYK,1.43,2.1,2025-02-09
SAS,ORL,1.9,1.55,2025-02-09
DEN,PHO,1.25,2.7,2025-02-09
NOP,SAC,2.8,1.23,2025-02-09
ATL,WAS,1.26,2.6,2025-02-09
CHO,DET,3.8,1.09,2025-02-10
TOR,HOU,3.1,1.18,2025-02-10
PHI,MIL,1.48,2.0,2025-02-10
CHO,BRK,2.15,1.42,2025-02-11
MIN,CLE,3.4,1.13,2025-02-11
SAC,DAL,1.65,1.78,2025-02-11
POR,DEN,3.2,1.16,2025-02-11
UTA,LAL,3.65,1.1,2025-02-11
BOS,MIA,1.3,2.5,2025-02-11
GSW,MIL,1.28,2.55,2025-02-11
ATL,ORL,2.3,1.35,2025-02-11
SAS,WAS,1.1,3.65,2025-02-11
DET,CHI,1.4,2.2,2025-02-12
NYK,IND,1.53,1.93,2025-02-12
TOR,PHI,3.2,1.16,2025-02-12
MEM,PHO,1.38,2.25,2025-02-12
SAS,BOS,2.8,1.23,2025-02-13
PHI,BRK,1.8,1.63,2025-02-13
DET,CHI,1.3,2.5,2025-02-13
GSW,DAL,1.22,2.85,2025-02-13
POR,DEN,3.5,1.12,2025-02-13
PHO,HOU,2.95,1.2,2025-02-13
MEM,LAC,2.5,1.3,2025-02-13
MIL,MIN,3.2,1.16,2025-02-13
SAC,NOP,1.32,2.4,2025-02-13
ATL,NYK,2.8,1.23,2025-02-13
MIA,OKC,3.8,1.09,2025-02-13
CHO,ORL,3.8,1.09,2025-02-13
CLE,TOR,1.09,3.8,2025-02-13
LAL,UTA,1.18,3.1,2025-02-13
IND,WAS,1.15,3.3,2025-02-13
MIA,DAL,1.5,1.96,2025-02-14
GSW,HOU,1.78,1.65,2025-02-14
OKC,MIN,1.13,3.4,2025-02-14
SAC,NOP,1.2,2.95,2025-02-14
LAC,UTA,1.18,3.1,2025-02-14
ORL,ATL,1.68,1.75,2025-02-21
CHO,DEN,5.0,1.02,2025-02-21
MEM,IND,1.66,1.76,2025-02-21
LAC,MIL,1.73,1.7,2025-02-21
CHI,NYK,4.1,1.07,2025-02-21
BOS,PHI,1.25,2.7,2025-02-21
LAL,POR,1.6,1.85,2025-02-21
PHO,SAS,1.53,1.93,2025-02-21
NYK,CLE,2.95,1.2,2025-02-22
NOP,DAL,2.3,1.35,2025-02-22
MIN,HOU,1.94,1.52,2025-02-22
MEM,ORL,1.43,2.1,2025-02-22
GSW,SAC,1.6,1.85,2025-02-22
DET,SAS,1.43,2.1,2025-02-22
MIA,TOR,1.53,1.93,2025-02-22
MIL,WAS,1.3,2.5,2025-02-22
PHO,CHI,1.35,2.3,2025-02-23
LAL,DEN,2.7,1.25,2025-02-23
BRK,PHI,3.4,1.13,2025-02-23
CHO,POR,2.2,1.4,2025-02-23
HOU,UTA,1.2,2.95,2025-02-23
DET,ATL,1.52,1.94,2025-02-24
NYK,BOS,2.85,1.22,2025-02-24
MEM,CLE,2.4,1.32,2025-02-24
DAL,GSW,2.95,1.2,2025-02-24
LAC,IND,2.15,1.42,2025-02-24
MIA,MIL,2.2,1.4,2025-02-24
OKC,MIN,1.18,3.1,2025-02-24
SAS,NOP,1.85,1.6,2025-02-24
PHO,TOR,1.53,1.93,2025-02-24
MIA,ATL,1.78,1.65,2025-02-25
LAC,DET,1.94,1.52,2025-02-25
DEN,IND,1.38,2.25,2025-02-25
MIN,OKC,3.8,1.09,2025-02-25
CHI,PHI,2.28,1.36,2025-02-25
CHO,SAC,3.5,1.12,2025-02-25
POR,UTA,1.25,2.7,2025-02-25
BRK,WAS,1.52,1.94,2025-02-25
MIL,HOU,1.96,1.5,2025-02-26
DAL,LAL,3.1,1.18,2025-02-26
PHO,MEM,2.7,1.25,2025-02-26
SAS,NOP,1.9,1.55,2025-02-26
CLE,ORL,1.26,2.6,2025-02-26
BOS,TOR,1.1,3.65,2025-02-26
LAC,CHI,1.2,2.95,2025-02-27
BOS,DET,1.42,2.15,2025-02-27
SAS,HOU,2.95,1.2,2025-02-27
TOR,IND,3.4,1.13,2025-02-27
ATL,MIA,1.9,1.55,2025-02-27
PHI,NYK,3.3,1.15,2025-02-27
SAC,UTA,1.15,3.3,2025-02-27
POR,WAS,1.3,2.5,2025-02-27
CHO,DAL,3.5,1.12,2025-02-28
MIN,LAL,2.4,1.32,2025-02-28
DEN,MIL,1.46,2.05,2025-02-28
GSW,ORL,1.32,2.4,2025-02-28
NOP,PHO,2.55,1.28,2025-02-28
OKC,ATL,1.09,3.8,2025-03-01
CLE,BOS,1.76,1.66,2025-03-01
POR,BRK,1.63,1.8,2025-03-01
TOR,CHI,1.78,1.65,2025-03-01
DEN,DET,1.7,1.73,2025-03-01
LAC,LAL,1.5,1.96,2025-03-01
NYK,MEM,1.96,1.5,2025-03-01
IND,MIA,1.52,1.94,2025-03-01
NOP,PHO,3.2,1.16,2025-03-01
MIN,UTA,1.43,2.1,2025-03-01
WAS,CHO,2.15,1.42,2025-03-02
MIL,DAL,1.52,1.94,2025-03-02
BRK,DET,3.65,1.1,2025-03-02
SAC,HOU,2.15,1.42,2025-03-02
SAS,MEM,2.7,1.25,2025-03-02
GSW,PHI,1.26,2.6,2025-03-02
DEN,BOS,2.2,1.4,2025-03-03
POR,CLE,3.5,1.12,2025-03-03
CHI,IND,3.5,1.12,2025-03-03
LAC,LAL,1.66,1.76,2025-03-03
NYK,MIA,1.3,2.5,2025-03-03
TOR,ORL,2.55,1.28,2025-03-03
MIN,PHO,1.7,1.73,2025-03-03
NOP,UTA,1.25,2.7,2025-03-03
GSW,CHO,1.09,3.8,2025-03-04
SAC,DAL,1.62,1.82,2025-03-04
ATL,MEM,2.7,1.25,2025-03-04
WAS,MIA,2.85,1.22,2025-03-04
POR,PHI,1.78,1.65,2025-03-04
DET,UTA,1.12,3.5,2025-03-04
MIL,ATL,1.36,2.28,2025-03-05
CLE,CHI,1.08,4.0,2025-03-05
HOU,IND,2.07,1.45,2025-03-05
NOP,LAL,2.95,1.2,2025-03-05
PHI,MIN,4.0,1.08,2025-03-05
GSW,NYK,1.85,1.6,2025-03-05
TOR,ORL,2.6,1.26,2025-03-05
LAC,PHO,1.5,1.96,2025-03-05
BRK,SAS,2.05,1.46,2025-03-05
POR,BOS,3.1,1.18,2025-03-06
MIN,CHO,1.16,3.2,2025-03-06
MIA,CLE,3.65,1.1,2025-03-06
SAC,DEN,2.95,1.2,2025-03-06
DET,LAC,1.46,2.05,2025-03-06
OKC,MEM,1.25,2.7,2025-03-06
DAL,MIL,3.65,1.1,2025-03-06
UTA,WAS,2.25,1.38,2025-03-06
IND,ATL,1.7,1.73,2025-03-07
PHI,BOS,4.3,1.05,2025-03-07
GSW,BRK,1.12,3.5,2025-03-07
NYK,LAL,1.94,1.52,2025-03-07
HOU,NOP,1.45,2.07,2025-03-07
CHI,ORL,2.85,1.22,2025-03-07
MEM,DAL,1.15,3.3,2025-03-08
PHO,DEN,2.95,1.2,2025-03-08
NYK,LAC,2.55,1.28,2025-03-08
MIN,MIA,1.48,2.0,2025-03-08
POR,OKC,1.86,1.58,2025-03-08
SAS,SAC,2.55,1.28,2025-03-08
UTA,TOR,2.3,1.35,2025-03-08
IND,ATL,1.73,1.7,2025-03-09
LAL,BOS,2.5,1.3,2025-03-09
BRK,CHO,1.36,2.28,2025-03-09
DET,GSW,2.3,1.35,2025-03-09
NOP,HOU,2.7,1.25,2025-03-09
CHI,MIA,2.25,1.38,2025-03-09
ORL,MIL,2.8,1.23,2025-03-09
WAS,TOR,2.15,1.42,2025-03-09
PHO,DAL,1.26,2.6,2025-03-10
SAC,LAC,2.35,1.33,2025-03-10
CLE,MIL,1.26,2.6,2025-03-10
SAS,MIN,3.5,1.12,2025-03-10
MEM,NOP,1.12,3.5,2025-03-10
DEN,OKC,2.8,1.23,2025-03-10
UTA,PHI,2.55,1.28,2025-03-10
DET,POR,1.48,2.0,2025-03-10
PHI,ATL,3.5,1.12,2025-03-11
LAL,BRK,1.28,2.55,2025-03-11
IND,CHI,1.32,2.4,2025-03-11
POR,GSW,3.8,1.09,2025-03-11
ORL,HOU,2.28,1.36,2025-03-11
PHO,MEM,2.1,1.43,2025-03-11
CHO,MIA,3.2,1.16,2025-03-11
DEN,OKC,3.1,1.18,2025-03-11
NYK,SAC,1.6,1.85,2025-03-11
DAL,SAS,2.55,1.28,2025-03-11
WAS,TOR,2.55,1.28,2025-03-11
MIL,IND,1.68,1.75,2025-03-12
LAC,NOP,1.26,2.6,2025-03-12
CHO,ATL,2.8,1.23,2025-03-13
OKC,BOS,1.93,1.53,2025-03-13
MIN,DEN,2.0,1.48,2025-03-13
PHO,HOU,2.2,1.4,2025-03-13
UTA,MEM,3.5,1.12,2025-03-13
LAC,MIA,1.85,1.6,2025-03-13
NYK,POR,1.45,2.07,2025-03-13
DAL,SAS,2.4,1.32,2025-03-13
PHI,TOR,1.96,1.5,2025-03-13
BRK,CHI,1.82,1.62,2025-03-14
SAC,GSW,2.7,1.25,2025-03-14
LAL,MIL,2.55,1.28,2025-03-14
ORL,NOP,1.58,1.86,2025-03-14
LAC,ATL,1.4,2.2,2025-03-15
DAL,HOU,3.8,1.09,2025-03-15
CLE,MEM,1.58,1.86,2025-03-15
BOS,MIA,1.22,2.85,2025-03-15
ORL,MIN,3.5,1.12,2025-03-15
IND,PHI,1.09,3.8,2025-03-15
SAC,PHO,1.85,1.6,2025-03-15
CHO,SAS,1.9,1.55,2025-03-15
TOR,UTA,1.76,1.66,2025-03-15
BOS,BRK,1.12,3.5,2025-03-16
OKC,DET,1.42,2.15,2025-03-16
NYK,GSW,2.6,1.26,2025-03-16
CHI,HOU,2.95,1.2,2025-03-16
MIA,MEM,2.5,1.3,2025-03-16
IND,MIL,2.05,1.46,2025-03-16
NOP,SAS,1.56,1.88,2025-03-16
ATL,BRK,1.32,2.4,2025-03-17
ORL,CLE,3.5,1.12,2025-03-17
PHI,DAL,2.55,1.28,2025-03-17
CHO,LAC,3.8,1.09,2025-03-17
PHO,LAL,1.9,1.55,2025-03-17
OKC,MIL,1.36,2.28,2025-03-17
TOR,POR,2.6,1.26,2025-03-17
DEN,GSW,3.4,1.13,2025-03-18
PHI,HOU,4.3,1.05,2025-03-18
SAS,LAL,3.3,1.15,2025-03-18
IND,MIN,3.5,1.12,2025-03-18
DET,NOP,1.26,2.6,2025-03-18
MIA,NYK,2.6,1.26,2025-03-18
TOR,PHO,3.1,1.18,2025-03-18
WAS,POR,2.4,1.32,2025-03-18
MEM,SAC,1.88,1.56,2025-03-18
CHI,UTA,1.4,2.2,2025-03-18
BRK,BOS,3.8,1.09,2025-03-19
ATL,CHO,1.2,2.95,2025-03-19
MIL,GSW,1.56,1.88,2025-03-19
CLE,LAC,1.63,1.8,2025-03-19
DAL,IND,3.4,1.13,2025-03-20
DEN,LAL,2.28,1.36,2025-03-20
DET,MIA,1.38,2.25,2025-03-20
NOP,MIN,4.0,1.08,2025-03-20
PHI,OKC,3.8,1.09,2025-03-20
HOU,ORL,1.53,1.93,2025-03-20
CHI,PHO,2.35,1.33,2025-03-20
MEM,POR,1.42,2.15,2025-03-20
CLE,SAC,1.3,2.5,2025-03-20
NYK,SAS,1.18,3.1,2025-03-20
WAS,UTA,1.93,1.53,2025-03-20
NYK,CHO,1.23,2.8,2025-03-21
BRK,IND,2.8,1.23,2025-03-21
MIL,LAL,1.23,2.8,2025-03-21
CHI,SAC,2.6,1.26,2025-03-21
DET,DAL,1.16,3.2,2025-03-22
MEM,LAC,2.5,1.3,2025-03-22
HOU,MIA,1.43,2.1,2025-03-22
CLE,PHO,1.2,2.95,2025-03-22
DEN,POR,1.6,1.85,2025-03-22
PHI,SAS,2.4,1.32,2025-03-22
BOS,UTA,1.09,3.8,2025-03-22
ORL,WAS,1.2,2.95,2025-03-22
GSW,ATL,1.6,1.85,2025-03-23
BRK,IND,3.65,1.1,2025-03-23
CHI,LAL,3.4,1.13,2025-03-23
MIL,SAC,1.82,1.62,2025-03-23
PHI,ATL,3.3,1.15,2025-03-24
NOP,DET,3.8,1.09,2025-03-24
DEN,HOU,2.6,1.26,2025-03-24
OKC,LAC,1.6,1.85,2025-03-24
CHO,MIA,2.7,1.25,2025-03-24
BOS,POR,1.28,2.55,2025-03-24
SAS,TOR,1.76,1.66,2025-03-24
DAL,BRK,1.52,1.94,2025-03-25
CHI,DEN,1.94,1.52,2025-03-25
MIN,IND,1.78,1.65,2025-03-25
PHI,NOP,1.93,1.53,2025-03-25
LAL,ORL,1.42,2.15,2025-03-25
MIL,PHO,2.0,1.48,2025-03-25
BOS,SAC,1.36,2.28,2025-03-25
TOR,WAS,1.85,1.6,2025-03-25
ORL,CHO,1.38,2.25,2025-03-26
SAS,DET,3.4,1.13,2025-03-26
ATL,HOU,2.85,1.22,2025-03-26
GSW,MIA,1.33,2.35,2025-03-26
DAL,NYK,3.4,1.13,2025-03-26
CLE,POR,1.28,2.55,2025-03-26
OKC,SAC,1.18,3.1,2025-03-26
MEM,UTA,1.13,3.4,2025-03-26
TOR,BRK,1.86,1.58,2025-03-27
MIL,DEN,3.65,1.1,2025-03-27
LAL,IND,1.68,1.75,2025-03-27
LAC,NYK,1.35,2.3,2025-03-27
WAS,PHI,1.96,1.5,2025-03-27
BOS,PHO,1.33,2.35,2025-03-27
LAL,CHI,1.43,2.1,2025-03-28
ATL,MIA,1.78,1.65,2025-03-28
MEM,OKC,3.4,1.13,2025-03-28
DAL,ORL,2.55,1.28,2025-03-28
POR,SAC,2.4,1.32,2025-03-28
HOU,UTA,1.1,3.65,2025-03-28
IND,WAS,1.09,3.8,2025-03-28
LAC,BRK,1.09,3.8,2025-03-29
CLE,DET,1.28,2.55,2025-03-29
NYK,MIL,1.68,1.75,2025-03-29
PHO,MIN,2.7,1.25,2025-03-29
CHO,TOR,2.3,1.35,2025-03-29
DAL,CHI,1.88,1.56,2025-03-30
LAL,MEM,1.85,1.6,2025-03-30
IND,OKC,3.3,1.15,2025-03-30
SAC,ORL,1.73,1.7,2025-03-30
MIA,PHI,1.2,2.95,2025-03-30
BOS,SAS,1.08,4.0,2025-03-30
BRK,WAS,1.85,1.6,2025-03-30
LAC,CLE,2.55,1.28,2025-03-31
ATL,MIL,2.1,1.43,2025-03-31
DET,MIN,2.7,1.25,2025-03-31
CHO,NOP,1.93,1.53,2025-03-31
POR,NYK,2.8,1.23,2025-03-31
TOR,PHI,1.3,2.5,2025-03-31
HOU,PHO,1.56,1.88,2025-03-31
GSW,SAS,1.1,3.65,2025-03-31
UTA,CHO,1.93,1.53,2025-04-01
BRK,DAL,3.4,1.13,2025-04-01
SAC,IND,2.05,1.46,2025-04-01
HOU,LAL,2.05,1.46,2025-04-01
BOS,MEM,1.43,2.1,2025-04-01
LAC,ORL,1.55,1.9,2025-04-01
MIA,WAS,1.18,3.1,2025-04-01
POR,ATL,2.4,1.32,2025-04-02
TOR,CHI,2.07,1.45,2025-04-02
MIN,DEN,2.0,1.48,2025-04-02
GSW,MEM,1.4,2.2,2025-04-02
PHO,MIL,2.5,1.3,2025-04-02
ORL,SAS,1.43,2.1,2025-04-02
MIA,BOS,3.4,1.13,2025-04-03
NYK,CLE,3.5,1.12,2025-04-03
ATL,DAL,2.0,1.48,2025-04-03
SAC,WAS,1.09,3.8,2025-04-03
GSW,LAL,1.88,1.56,2025-04-04
MEM,MIA,1.33,2.35,2025-04-04
MIL,PHI,1.08,4.0,2025-04-04
POR,TOR,1.42,2.15,2025-04-04
POR,CHI,2.5,1.3,2025-04-05
SAC,CHO,1.12,3.5,2025-04-05
DEN,GSW,1.68,1.75,2025-04-05
OKC,HOU,1.3,2.5,2025-04-05
DAL,LAC,3.65,1.1,2025-04-05
DET,TOR,1.13,3.4,2025-04-05
NYK,ATL,1.63,1.8,2025-04-06
MEM,DET,1.52,1.94,2025-04-06
DAL,LAC,3.1,1.18,2025-04-06
MIL,MIA,1.72,1.72,2025-04-06
UTA,ATL,4.0,1.08,2025-04-07
TOR,BRK,1.6,1.85,2025-04-07
CHI,CHO,1.18,3.1,2025-04-07
SAC,CLE,3.3,1.15,2025-04-07
IND,DEN,2.5,1.3,2025-04-07
HOU,GSW,2.25,1.38,2025-04-07
MIL,NOP,1.33,2.35,2025-04-07
PHO,NYK,3.1,1.18,2025-04-07
LAL,OKC,3.1,1.18,2025-04-07
SAS,POR,2.07,1.45,2025-04-07
SAC,DET,2.35,1.33,2025-04-08
NOP,BRK,1.85,1.6,2025-04-09
CHI,CLE,3.8,1.09,2025-04-09
MIN,MIL,1.36,2.28,2025-04-09
BOS,NYK,1.8,1.63,2025-04-09
ATL,ORL,2.1,1.43,2025-04-09
GSW,PHO,1.13,3.4,2025-04-09
MIA,CHI,1.55,1.9,2025-04-10
LAL,DAL,1.4,2.2,2025-04-10
HOU,LAC,3.3,1.15,2025-04-10
BOS,ORL,2.7,1.25,2025-04-10
OKC,PHO,1.26,2.6,2025-04-10
DEN,SAC,1.4,2.2,2025-04-10
CHO,TOR,3.3,1.15,2025-04-10
POR,UTA,1.28,2.55,2025-04-10
PHI,WAS,1.53,1.93,2025-04-10
NYK,DET,2.05,1.46,2025-04-11
CLE,IND,3.3,1.15,2025-04-11
MIN,MEM,1.56,1.88,2025-04-11
TOR,DAL,3.65,1.1,2025-04-12
MEM,DEN,2.6,1.26,2025-04-12
MIL,DET,2.15,1.42,2025-04-12
ORL,IND,2.0,1.48,2025-04-12
HOU,LAL,3.8,1.09,2025-04-12
CLE,NYK,1.8,1.63,2025-04-12
ATL,PHI,1.1,3.65,2025-04-12
SAS,PHO,2.15,1.42,2025-04-12
LAC,SAC,1.28,2.55,2025-04-12
OKC,UTA,1.18,3.1,2025-04-12
ORL,ATL,1.52,1.94,2025-04-14
CHO,BOS,3.4,1.13,2025-04-14
NYK,BRK,1.42,2.15,2025-04-14
IND,CLE,1.28,2.55,2025-04-14
LAC,GSW,1.88,1.56,2025-04-14
DEN,HOU,1.32,2.4,2025-04-14
DAL,MEM,1.63,1.8,2025-04-14
WAS,MIA,2.85,1.22,2025-04-14
DET,MIL,1.16,3.2,2025-04-14
CHI,PHI,1.2,2.95,2025-04-14
LAL,POR,2.35,1.33,2025-04-14
PHO,SAC,3.65,1.1,2025-04-14
TOR,SAS,2.2,1.4,2025-04-14
MEM,GSW,2.7,1.25,2025-04-16
ATL,ORL,2.5,1.3,2025-04-16
MIA,CHI,2.0,1.48,2025-04-17
DAL,SAC,2.6,1.26,2025-04-17
MIA,ATL,1.6,1.85,2025-04-19
DAL,MEM,2.4,1.32,2025-04-19
LAC,DEN,1.88,1.56,2025-04-20
MIL,IND,2.4,1.32,2025-04-20
MIN,LAL,2.4,1.32,2025-04-20
DET,NYK,2.7,1.25,2025-04-20
GSW,HOU,1.78,1.65,2025-04-21
LAC,DEN,1.63,1.8,2025-04-22
DET,NYK,2.5,1.3,2025-04-22
MIL,IND,2.1,1.43,2025-04-23
MIN,LAL,2.4,1.32,2025-04-23
MIA,CLE,3.8,1.09,2025-04-24
GSW,HOU,1.94,1.52,2025-04-24
NYK,DET,1.65,1.78,2025-04-25
DEN,LAC,2.25,1.38,2025-04-25
OKC,MEM,1.12,3.5,2025-04-25
IND,MIL,2.3,1.35,2025-04-26
LAL,MIN,1.82,1.62,2025-04-26
BOS,ORL,1.3,2.5,2025-04-26
HOU,GSW,1.94,1.52,2025-04-27
DEN,LAC,2.55,1.28,2025-04-27
CLE,MIA,1.35,2.3,2025-04-27
NYK,DET,1.86,1.58,2025-04-28
IND,MIL,2.0,1.48,2025-04-28
LAL,MIN,1.86,1.58,2025-04-28
BOS,ORL,1.23,2.8,2025-04-28
HOU,GSW,2.1,1.43,2025-04-29
CLE,MIA,1.16,3.2,2025-04-29
ORL,BOS,4.0,1.08,2025-04-30
LAC,DEN,1.6,1.85,2025-04-30
MIL,IND,3.2,1.16,2025-04-30
DET,NYK,2.35,1.33,2025-04-30
GSW,HOU,2.05,1.46,2025-05-01
MIN,LAL,2.55,1.28,2025-05-01
NYK,DET,1.78,1.65,2025-05-02
DEN,LAC,2.2,1.4,2025-05-02
HOU,GSW,2.4,1.32,2025-05-03
LAC,DEN,1.78,1.65,2025-05-04
IND,CLE,3.1,1.18,2025-05-05
GSW,HOU,1.75,1.68,2025-05-05
NYK,BOS,3.3,1.15,2025-05-06
DEN,OKC,2.85,1.22,2025-05-06
IND,CLE,2.85,1.22,2025-05-07
GSW,MIN,2.25,1.38,2025-05-07
NYK,BOS,3.5,1.12,2025-05-08
DEN,OKC,3.0,1.2,2025-05-08
OKC,DEN,1.28,2.4,2025-05-10
CLE,IND,1.37,2.28,2025-05-10
MIN,GSW,1.29,2.36,2025-05-11
BOS,NYK,1.28,2.39,2025-05-11
OKC,DEN,1.25,2.49,2025-05-12
CLE,IND,1.26,2.45,2025-05-12
MIN,GSW,1.46,1.95,2025-05-13
BOS,NYK,1.27,2.41,2025-05-13
IND,CLE,2.5,1.25,2025-05-14
NYK,BOS,2.16,1.35,2025-05-15
OKC,DEN,1.49,1.89,2025-05-16
BOS,NYK,2.09,1.39,2025-05-17
DEN,OKC,2.29,1.26,2025-05-19
MIN,OKC,2.33,1.3,2025-05-21
IND,NYK,1.96,1.45,2025-05-22
MIN,OKC,2.32,1.3,2025-05-23
IND,NYK,2.22,1.33,2025-05-24
OKC,MIN,1.61,1.82,2025-05-25
NYK,IND,1.76,1.66,2025-05-26
OKC,MIN,1.56,1.89,2025-05-27
NYK,IND,2.15,1.42,2025-05-28
MIN,OKC,2.75,1.2,2025-05-29
IND,NYK,1.92,1.54,2025-05-30
NYK,IND,2.37,1.34,2025-06-01
IND,OKC,2.8,1.15,2025-06-06
IND,OKC,2.75,1.13,2025-06-09
OKC,IND,1.43,2.0,2025-06-12
OKC,IND,1.31,2.14,2025-06-14
IND,OKC,2.5,1.2,2025-06-17
OKC,IND,1.35,2.04,2025-06-20
IND,OKC,2.19,1.26,2025-06-23
PHI,NYK,2.5,1.3,2025-10-03
PHO,LAL,1.46,2.05,2025-10-04
NYK,PHI,1.26,2.6,2025-10-04
MIN,DEN,1.9,1.55,2025-10-05
ORL,MIA,1.38,2.25,2025-10-05
OKC,CHO,1.3,2.5,2025-10-06
LAL,GSW,2.8,1.23,2025-10-06
OKC,DAL,2.3,1.35,2025-10-07
ATL,HOU,1.96,1.5,2025-10-07
DET,MEM,1.46,2.05,2025-10-07
MIL,MIA,2.05,1.46,2025-10-07
DEN,TOR,1.8,1.63,2025-10-07
CHI,CLE,2.85,1.22,2025-10-08
IND,MIN,2.5,1.3,2025-10-08
POR,GSW,2.6,1.26,2025-10-09
BOS,MEM,1.53,1.93,2025-10-09
SAS,MIA,1.86,1.58,2025-10-09
TOR,SAC,1.78,1.65,2025-10-09
PHO,BRK,1.35,2.3,2025-10-10
CLE,CHI,1.38,2.25,2025-10-10
DET,MIL,1.33,2.35,2025-10-10
MIN,NYK,2.2,1.4,2025-10-10
ORL,PHI,1.35,2.3,2025-10-11
SAC,POR,1.96,1.5,2025-10-11
UTA,SAS,2.6,1.26,2025-10-11
BOS,TOR,1.46,2.05,2025-10-11
CHO,DAL,2.7,1.25,2025-10-12
OKC,IND,1.58,1.86,2025-10-12
ATL,MEM,1.4,2.2,2025-10-12
BRK,PHO,2.2,1.4,2025-10-12
CLE,BOS,2.3,1.35,2025-10-13
MIL,CHI,1.68,1.75,2025-10-13
DEN,LAC,1.94,1.52,2025-10-13
GSW,LAL,1.78,1.65,2025-10-13
MIA,ORL,1.88,1.56,2025-10-13
TOR,WAS,1.42,2.15,2025-10-13
MIA,ATL,1.65,1.78,2025-10-14
SAS,IND,1.88,1.56,2025-10-14
WAS,NYK,2.07,1.45,2025-10-14
DAL,UTA,1.48,2.0,2025-10-14
DET,CLE,2.2,1.4,2025-10-15
CHI,DEN,2.2,1.4,2025-10-15
OKC,MIL,1.36,2.28,2025-10-15
HOU,NOP,1.32,2.4,2025-10-15
LAL,PHO,1.18,3.1,2025-10-15
GSW,POR,1.6,1.85,2025-10-15
TOR,BOS,2.05,1.46,2025-10-16
MEM,CHO,1.85,1.6,2025-10-16
DAL,LAL,1.26,2.6,2025-10-16
LAC,SAC,1.42,2.15,2025-10-16
HOU,ATL,2.95,1.2,2025-10-17
MIN,CHI,1.38,2.25,2025-10-17
WAS,DET,2.7,1.25,2025-10-17
NOP,ORL,2.7,1.25,2025-10-17
POR,UTA,1.53,1.93,2025-10-17
LAC,GSW,1.93,1.53,2025-10-18
SAC,LAL,2.55,1.28,2025-10-18
MEM,MIA,2.15,1.42,2025-10-18
CHO,NYK,2.25,1.38,2025-10-18
DEN,OKC,2.5,1.3,2025-10-18
MIN,PHI,2.6,1.26,2025-10-18
IND,SAS,2.28,1.36,2025-10-18
BRK,TOR,2.6,1.26,2025-10-18
GSW,LAL,1.56,1.88,2025-10-22
HOU,OKC,2.55,1.28,2025-10-22
TOR,ATL,2.35,1.33,2025-10-23
PHI,BOS,2.25,1.38,2025-10-23
DET,CHI,1.5,1.96,2025-10-23
BRK,CHO,2.25,1.38,2025-10-23
SAS,DAL,2.0,1.48,2025-10-23
NOP,MEM,2.05,1.46,2025-10-23
WAS,MIL,3.4,1.13,2025-10-23
CLE,NYK,1.62,1.82,2025-10-23
MIA,ORL,2.95,1.2,2025-10-23
SAC,PHO,2.07,1.45,2025-10-23
MIN,POR,1.4,2.2,2025-10-23
LAC,UTA,1.15,3.3,2025-10-23
DEN,GSW,1.76,1.66,2025-10-24
OKC,IND,1.23,2.8,2025-10-24
CLE,BRK,1.08,4.0,2025-10-25
WAS,DAL,3.65,1.1,2025-10-25
DET,HOU,2.55,1.28,2025-10-25
PHO,LAC,3.3,1.15,2025-10-25
MIN,LAL,1.63,1.8,2025-10-25
MIA,MEM,1.94,1.52,2025-10-25
SAS,NOP,1.43,2.1,2025-10-25
BOS,NYK,2.0,1.48,2025-10-25
ATL,ORL,2.35,1.33,2025-10-25
GSW,POR,1.42,2.15,2025-10-25
UTA,SAC,2.3,1.35,2025-10-25
MIL,TOR,1.78,1.65,2025-10-25
OKC,ATL,1.2,2.95,2025-10-26
IND,MEM,1.86,1.58,2025-10-26
CHI,ORL,2.4,1.32,2025-10-26
CHO,PHI,2.15,1.42,2025-10-26
MIL,CLE,2.55,1.28,2025-10-27
TOR,DAL,1.68,1.75,2025-10-27
BOS,DET,1.9,1.55,2025-10-27
POR,LAC,2.8,1.23,2025-10-27
NYK,MIA,1.53,1.93,2025-10-27
IND,MIN,3.65,1.1,2025-10-27
LAL,SAC,1.94,1.52,2025-10-27
BRK,SAS,3.65,1.1,2025-10-27
CHO,WAS,1.82,1.62,2025-10-27
ATL,CHI,1.53,1.93,2025-10-28
OKC,DAL,1.18,3.1,2025-10-28
CLE,DET,1.55,1.9,2025-10-28
MEM,GSW,2.85,1.22,2025-10-28
POR,LAL,1.52,1.94,2025-10-28
DEN,MIN,1.3,2.5,2025-10-28
BOS,NOP,1.6,1.85,2025-10-28
ORL,PHI,1.32,2.4,2025-10-28
TOR,SAS,2.2,1.4,2025-10-28
PHO,UTA,1.78,1.65,2025-10-28
LAC,GSW,1.68,1.75,2025-10-29
CHO,MIA,2.1,1.43,2025-10-29
NYK,MIL,1.6,1.85,2025-10-29
SAC,OKC,3.1,1.18,2025-10-29
PHI,WAS,1.4,2.2,2025-10-29
CLE,BOS,1.58,1.86,2025-10-30
ATL,BRK,1.22,2.85,2025-10-30
SAC,CHI,2.2,1.4,2025-10-30
IND,DAL,2.5,1.3,2025-10-30
NOP,DEN,3.65,1.1,2025-10-30
ORL,DET,1.56,1.88,2025-10-30
LAL,MIN,2.6,1.26,2025-10-30
MEM,PHO,1.55,1.9,2025-10-30
HOU,TOR,1.33,2.35,2025-10-30
POR,UTA,1.52,1.94,2025-10-30
ORL,CHO,1.46,2.05,2025-10-31
GSW,MIL,1.6,1.85,2025-10-31
MIA,SAS,2.35,1.33,2025-10-31
NYK,CHI,1.4,2.2,2025-11-01
TOR,CLE,2.25,1.38,2025-11-01
ATL,IND,1.58,1.86,2025-11-01
LAL,MEM,1.6,1.85,2025-11-01
BOS,PHI,1.68,1.75,2025-11-01
UTA,PHO,1.94,1.52,2025-11-01
DEN,POR,1.3,2.5,2025-11-01
HOU,BOS,1.38,2.25,2025-11-02
MIN,CHO,1.42,2.15,2025-11-02
DAL,DET,2.7,1.25,2025-11-02
GSW,IND,1.13,3.4,2025-11-02
SAC,MIL,2.55,1.28,2025-11-02
ORL,WAS,1.18,3.1,2025-11-02
PHI,BRK,1.4,2.2,2025-11-03
UTA,CHO,1.62,1.82,2025-11-03
ATL,CLE,2.55,1.28,2025-11-03
MIA,LAL,2.1,1.43,2025-11-03
CHI,NYK,2.7,1.25,2025-11-03
NOP,OKC,3.8,1.09,2025-11-03
SAS,PHO,1.35,2.3,2025-11-03
MEM,TOR,2.25,1.38,2025-11-03
UTA,BOS,3.4,1.13,2025-11-04
MIN,BRK,1.16,3.2,2025-11-04
SAC,DEN,3.65,1.1,2025-11-04
MIL,IND,1.32,2.4,2025-11-04
MIA,LAC,2.7,1.25,2025-11-04
DET,MEM,1.42,2.15,2025-11-04
WAS,NYK,3.5,1.12,2025-11-04
LAL,POR,2.95,1.2,2025-11-04
ORL,ATL,1.46,2.05,2025-11-05
PHI,CHI,1.78,1.65,2025-11-05
PHO,GSW,3.5,1.12,2025-11-05
OKC,LAC,1.22,2.85,2025-11-05
CHO,NOP,1.9,1.55,2025-11-05
MIL,TOR,1.88,1.56,2025-11-05
PHI,CLE,3.2,1.16,2025-11-06
NOP,DAL,2.85,1.22,2025-11-06
MIA,DEN,3.2,1.16,2025-11-06
UTA,DET,3.3,1.15,2025-11-06
BRK,IND,2.55,1.28,2025-11-06
SAS,LAL,1.73,1.7,2025-11-06
HOU,MEM,1.22,2.85,2025-11-06
MIN,NYK,2.0,1.48,2025-11-06
OKC,POR,1.4,2.2,2025-11-06
GSW,SAC,1.94,1.52,2025-11-06
LAC,PHO,2.0,1.48,2025-11-07
TOR,ATL,1.85,1.6,2025-11-08
DET,BRK,1.15,3.3,2025-11-08
GSW,DEN,3.3,1.15,2025-11-08
DAL,MEM,2.15,1.42,2025-11-08
CHO,MIA,2.55,1.28,2025-11-08
CHI,MIL,2.15,1.42,2025-11-08
BOS,ORL,2.05,1.46,2025-11-08
HOU,SAS,1.43,2.1,2025-11-08
LAL,ATL,1.32,2.4,2025-11-09
CHI,CLE,2.85,1.22,2025-11-09
IND,DEN,3.3,1.15,2025-11-09
PHO,LAC,2.07,1.45,2025-11-09
POR,MIA,1.48,2.0,2025-11-09
TOR,PHI,2.28,1.36,2025-11-09
DAL,WAS,1.42,2.15,2025-11-09
OKC,MEM,1.12,3.5,2025-11-10
HOU,MIL,1.43,2.1,2025-11-10
BOS,ORL,2.05,1.46,2025-11-10
DET,PHI,1.4,2.2,2025-11-10
MIN,SAC,1.4,2.2,2025-11-10
SAS,CHI,1.42,2.15,2025-11-11
LAL,CHO,1.2,2.95,2025-11-11
MIL,DAL,1.43,2.1,2025-11-11
ATL,LAC,2.2,1.4,2025-11-11
CLE,MIA,1.25,2.7,2025-11-11
POR,ORL,1.82,1.62,2025-11-11
NOP,PHO,2.95,1.2,2025-11-11
MIN,UTA,1.22,2.85,2025-11-11
TOR,BRK,1.15,3.3,2025-11-12
MEM,NYK,3.3,1.15,2025-11-12
GSW,OKC,2.8,1.23,2025-11-12
BOS,PHI,1.63,1.8,2025-11-12
DEN,SAC,1.2,2.95,2025-11-12
IND,UTA,1.62,1.82,2025-11-12
MEM,BOS,2.8,1.23,2025-11-13
MIL,CHO,1.5,1.96,2025-11-13
PHO,DAL,1.55,1.9,2025-11-13
CHI,DET,1.5,1.96,2025-11-13
DEN,LAC,1.32,2.4,2025-11-13
CLE,MIA,2.28,1.36,2025-11-13
POR,NOP,1.2,2.95,2025-11-13
ORL,NYK,2.2,1.4,2025-11-13
LAL,OKC,2.8,1.23,2025-11-13
ATL,SAC,1.4,2.2,2025-11-13
GSW,SAS,2.15,1.42,2025-11-13
TOR,CLE,2.7,1.25,2025-11-14
IND,PHO,2.3,1.35,2025-11-14
ATL,UTA,1.55,1.9,2025-11-14
LAC,DAL,1.48,2.0,2025-11-15
PHI,DET,1.76,1.66,2025-11-15
POR,HOU,2.8,1.23,2025-11-15
CHO,MIL,3.1,1.18,2025-11-15
LAL,NOP,1.15,3.3,2025-11-15
MIA,NYK,2.5,1.3,2025-11-15
BRK,ORL,4.1,1.07,2025-11-15
GSW,SAS,1.96,1.5,2025-11-15
MEM,CLE,3.4,1.13,2025-11-16
TOR,IND,1.22,2.85,2025-11-16
LAL,MIL,1.78,1.65,2025-11-16
DEN,MIN,1.6,1.85,2025-11-16
LAC,BOS,2.55,1.28,2025-11-17
POR,DAL,1.48,2.0,2025-11-17
ORL,HOU,2.95,1.2,2025-11-17
ATL,PHO,1.78,1.65,2025-11-17
SAC,SAS,2.6,1.26,2025-11-17
CHI,UTA,1.4,2.2,2025-11-17
BRK,WAS,1.93,1.53,2025-11-17
MIL,CLE,2.55,1.28,2025-11-18
CHI,DEN,4.3,1.05,2025-11-18
IND,DET,3.5,1.12,2025-11-18
NYK,MIA,1.8,1.63,2025-11-18
DAL,MIN,4.2,1.06,2025-11-18
LAC,PHI,2.3,1.35,2025-11-18
CHO,TOR,3.1,1.18,2025-11-18
DET,ATL,1.63,1.8,2025-11-19
BOS,BRK,1.13,3.4,2025-11-19
GSW,ORL,1.52,1.94,2025-11-19
PHO,POR,1.82,1.62,2025-11-19
MEM,SAS,2.55,1.28,2025-11-19
HOU,CLE,1.58,1.86,2025-11-20
NYK,DAL,1.2,2.95,2025-11-20
CHO,IND,1.63,1.8,2025-11-20
GSW,MIA,3.4,1.13,2025-11-20
WAS,MIN,4.5,1.04,2025-11-20
SAC,OKC,5.0,1.02,2025-11-20
TOR,PHI,1.53,1.93,2025-11-20
CHI,POR,1.42,2.15,2025-11-20
SAC,MEM,1.96,1.5,2025-11-21
PHI,MIL,1.55,1.9,2025-11-21
LAC,ORL,2.35,1.33,2025-11-21
ATL,SAS,1.68,1.75,2025-11-21
MIA,CHI,1.85,1.6,2025-11-22
NOP,DAL,2.0,1.48,2025-11-22
POR,GSW,3.2,1.16,2025-11-22
DEN,HOU,1.93,1.53,2025-11-22
MIN,PHO,1.42,2.15,2025-11-22
WAS,CHI,3.4,1.13,2025-11-23
LAC,CHO,1.65,1.78,2025-11-23
MEM,DAL,1.72,1.72,2025-11-23
SAC,DEN,3.8,1.09,2025-11-23
DET,MIL,1.2,2.95,2025-11-23
ATL,NOP,1.15,3.3,2025-11-23
NYK,ORL,1.82,1.62,2025-11-23
CHO,ATL,2.7,1.25,2025-11-24
ORL,BOS,2.0,1.48,2025-11-24
LAC,CLE,2.8,1.23,2025-11-24
MIA,PHI,1.65,1.78,2025-11-24
SAS,PHO,1.9,1.55,2025-11-24
LAL,UTA,1.15,3.3,2025-11-24
NYK,BRK,1.07,4.1,2025-11-25
UTA,GSW,4.2,1.06,2025-11-25
DET,IND,1.13,3.4,2025-11-25
DEN,MEM,1.22,2.85,2025-11-25
DAL,MIA,2.95,1.2,2025-11-25
POR,MIL,1.73,1.7,2025-11-25
CHI,NOP,1.33,2.35,2025-11-25
HOU,PHO,1.32,2.4,2025-11-25
MIN,SAC,1.16,3.2,2025-11-25
CLE,TOR,1.75,1.68,2025-11-25
LAC,LAL,2.85,1.22,2025-11-26
ORL,PHI,1.38,2.25,2025-11-26
ATL,WAS,1.13,3.4,2025-11-26
DET,BOS,1.5,1.96,2025-11-27
NYK,CHO,1.22,2.85,2025-11-27
HOU,GSW,1.93,1.53,2025-11-27
MIL,MIA,2.85,1.22,2025-11-27
MEM,NOP,1.5,1.96,2025-11-27
MIN,OKC,3.2,1.16,2025-11-27
SAS,POR,1.73,1.7,2025-11-27
PHO,SAC,1.42,2.15,2025-11-27
IND,TOR,3.4,1.13,2025-11-27
CLE,ATL,1.3,2.5,2025-11-29
PHI,BRK,1.28,2.55,2025-11-29
CHI,CHO,1.5,1.96,2025-11-29
SAS,DEN,2.7,1.25,2025-11-29
ORL,DET,2.25,1.38,2025-11-29
WAS,IND,2.6,1.26,2025-11-29
MEM,LAC,2.5,1.3,2025-11-29
DAL,LAL,3.3,1.15,2025-11-29
MIL,NYK,2.8,1.23,2025-11-29
PHO,OKC,4.3,1.05,2025-11-29
SAC,UTA,1.86,1.58,2025-11-29
TOR,CHO,1.22,2.85,2025-11-30
NOP,GSW,3.1,1.18,2025-11-30
CHI,IND,1.55,1.9,2025-11-30
DAL,LAC,3.1,1.18,2025-11-30
DET,MIA,2.15,1.42,2025-11-30
BRK,MIL,3.65,1.1,2025-11-30
BOS,MIN,2.4,1.32,2025-11-30
DEN,PHO,1.46,2.05,2025-11-30
BOS,CLE,2.6,1.26,2025-12-01
SAS,MIN,2.07,1.45,2025-12-01
TOR,NYK,2.85,1.22,2025-12-01
ATL,PHI,1.82,1.62,2025-12-01
MEM,SAC,1.53,1.93,2025-12-01
HOU,UTA,1.12,3.5,2025-12-01
CHO,BRK,1.42,2.15,2025-12-02
DAL,DEN,3.4,1.13,2025-12-02
ATL,DET,3.2,1.16,2025-12-02
CLE,IND,1.42,2.15,2025-12-02
PHO,LAL,2.3,1.35,2025-12-02
LAC,MIA,2.55,1.28,2025-12-02
CHI,ORL,3.1,1.18,2025-12-02
HOU,UTA,1.09,3.8,2025-12-02
MIL,WAS,1.15,3.3,2025-12-02
NYK,BOS,1.63,1.8,2025-12-03
MIN,NOP,1.13,3.4,2025-12-03
MEM,SAS,2.28,1.36,2025-12-03
POR,TOR,2.3,1.35,2025-12-03
LAC,ATL,1.88,1.56,2025-12-04
BRK,CHI,2.85,1.22,2025-12-04
POR,CLE,3.4,1.13,2025-12-04
MIA,DAL,1.4,2.2,2025-12-04
DEN,IND,1.22,2.85,2025-12-04
DET,MIL,1.32,2.4,2025-12-04
CHO,NYK,3.1,1.18,2025-12-04
SAS,ORL,2.85,1.22,2025-12-04
UTA,BRK,1.38,2.25,2025-12-05
GSW,PHI,2.1,1.43,2025-12-05
LAL,TOR,1.93,1.53,2025-12-05
BOS,WAS,1.13,3.4,2025-12-05
DEN,ATL,1.4,2.2,2025-12-06
LAL,BOS,2.85,1.22,2025-12-06
IND,CHI,2.2,1.4,2025-12-06
SAS,CLE,2.05,1.46,2025-12-06
POR,DET,2.85,1.22,2025-12-06
PHO,HOU,3.5,1.12,2025-12-06
LAC,MEM,1.6,1.85,2025-12-06
PHI,MIL,1.65,1.78,2025-12-06
MIA,ORL,2.35,1.33,2025-12-06
CHO,TOR,2.7,1.25,2025-12-06
NOP,BRK,2.05,1.46,2025-12-07
GSW,CLE,3.1,1.18,2025-12-07
HOU,DAL,1.25,2.7,2025-12-07
SAC,MIA,3.1,1.18,2025-12-07
LAC,MIN,3.1,1.18,2025-12-07
ATL,WAS,1.16,3.2,2025-12-07
LAC,ATL,1.96,1.5,
NYK,BOS,1.63,1.8,
NOP,BRK,2.0,1.48,
BRK,CHI,2.85,1.22,
GSW,CHI,1.7,1.73,
DEN,CHO,1.13,3.4,
POR,CLE,3.4,1.13,
GSW,CLE,2.8,1.23,
MIA,DAL,1.36,2.28,
HOU,DAL,1.18,3.1,
MIL,DET,,,
OKC,GSW,,,
SAC,HOU,,,
DEN,IND,1.23,2.8,
POR,MEM,1.75,1.68,
SAC,MIA,2.85,1.22,
DET,MIL,1.4,2.2,
LAC,MIN,3.4,1.13,
MIN,NOP,1.13,3.4,
CHO,NYK,3.1,1.18,
ORL,NYK,2.0,1.48,
SAS,ORL,2.85,1.22,
WAS,PHI,,,
LAL,PHI,1.42,2.15,
MEM,SAS,2.28,1.36,
POR,TOR,2.3,1.35,
BOS,TOR,1.55,1.9,
OKC,UTA,1.13,3.4,
ATL,WAS,1.16,3.2,
